Brand Number,Brand Name,Stock Market
1301,極洋,東証１部
1305,ダイワＴＰＸ,東証２部
1306,ＴＰＸ連動,東証２部
1308,上場ＴＰＸ,東証２部
1309,上証５０連動,東証２部
1311,コア３０連動,東証２部
1312,ＲＮ小型コア,東証２部
1313,ＫＯＤＥＸ,東証２部
1319,３００投信,東証２部
1320,ダイワ２２５,東証２部
1321,２２５連動,東証２部
1322,上場パンダ,東証２部
1323,南ア４０連動,東証２部
1324,ロシア,東証２部
1325,ブラジル,東証２部
1326,ＳＰＤＲゴル,東証２部
1327,ＥＡＳＹ商品,東証２部
1328,金連動投信,東証２部
1329,ｉＳ２２５,東証２部
1330,上場２２５,東証２部
1332,日水,東証１部
1333,マルハニチロ,東証１部
1343,ＲＥＩＴ,東証２部
1344,ＭＸコア３０,東証２部
1345,上場Ｊリート,東証２部
1346,ＭＸＳ２２５,東証２部
1348,ＭＸトピクス,東証２部
1349,アジア債券,東証２部
1352,ホウスイ,東証１部
1356,ＴＰＷインバ,東証２部
1357,日経ダブルＩ,東証２部
1358,上場日経２倍,東証２部
1360,Ｗイン日経,東証２部
1364,ｉＳＪＰＸ,東証２部
1365,大和２２５Ｗ,東証２部
1366,２２５Ｗベア,東証２部
1367,大和ＴＰＸＷ,東証２部
1368,ＴＰＸＷベア,東証２部
1369,Ｏ日経２２５,東証２部
1375,雪国まいたけ,東証１部
1376,カネコ種,東証１部
1377,サカタのタネ,東証１部
1379,ホクト,東証１部
1380,秋川牧園,ＪＡＳＤＡＱ
1381,アクシーズ,ＪＡＳＤＡＱ
1382,ホーブ,ＪＡＳＤＡＱ
1383,ベルグアース,ＪＡＳＤＡＱ
1384,ホクリヨウ,東証１部
1385,ユーロ圏５０,東証２部
1387,ＵＢＳ通貨株,東証２部
1388,ＵＢ通貨小型,東証２部
1389,ＵＢ英国大型,東証２部
1390,ＵＢアジア太,東証２部
1391,ＵＢＳスイス,東証２部
1392,ＵＢＳ英国株,東証２部
1393,ＵＢＳ米国株,東証２部
1394,ＵＢＳ先進国,東証２部
1397,ＳＭＤ２２５,東証２部
1398,ＳＭＤリート,東証２部
1399,高配当低ボラ,東証２部
1400,ルーデン,ＪＡＳＤＡＱ
1401,ＭＢＳ,マザーズ
1407,ウエストＨＤ,ＪＡＳＤＡＱ
1413,ヒノキヤＧ,東証１部
1414,ショーボンド,東証１部
1417,ミライトＨＤ,東証１部
1418,インタライフ,ＪＡＳＤＡＱ
1419,タマホーム,東証１部
1420,サンヨーＨ,東証１部
1429,日本アクア,東証１部
1430,Ｆコーポ,東証１部
1431,リブワーク,マザーズ
1433,ベステラ,東証１部
1434,ＪＥＳＣＯＨ,東証２部
1435,ＴＡＴＥＲＵ,東証１部
1436,フィット,マザーズ
1438,岐阜造園,名証
1439,安江工務店,ＪＡＳＤＡＱ
1443,技研ＨＤ,東証２部
1444,ニッソウ,名証
1446,キャンディル,東証１部
1447,ＩＴｂＨＤ,マザーズ
1448,ＳバリューＨ,東証１部
1449,ＦＪジャパン,札証
1450,田中建設,ＪＡＳＤＡＱ
1451,ＫＨＣ,東証２部
1456,大２２５ベア,東証２部
1457,大和ＴＸベア,東証２部
1458,楽２２５ブル,東証２部
1459,楽２２５ベア,東証２部
1460,ＭＸＳＪクオ,東証２部
1464,大和ＪＷ,東証２部
1465,大和Ｊベア,東証２部
1466,大和ＪＷベア,東証２部
1467,Ｊ４００ブル,東証２部
1468,Ｊ４００ベア,東証２部
1469,４ベア２倍,東証２部
1470,Ｊ４００レバ,東証２部
1472,Ｊ４００Ｗイ,東証２部
1473,ＯＥＴＦＴ,東証２部
1474,ＯＪＰＸ,東証２部
1475,ｉＳＴＰＸ,東証２部
1476,ｉＳＪリート,東証２部
1477,ｉＳ最小分散,東証２部
1478,ｉＳ高配当,東証２部
1479,大和ＭＳ人材,東証２部
1480,企業価値Ｅ,東証２部
1481,日本経済貢献,東証２部
1482,七十円ヘジ,東証２部
1483,ｉＳ設備人材,東証２部
1484,Ｏ設備人材,東証２部
1485,ＭＪ積極投資,東証２部
1486,米債ヘなし,東証２部
1487,米債ヘあり,東証２部
1488,大和Ｊリート,東証２部
1489,日経高配５０,東証２部
1490,ベータヘッジ,東証２部
1491,中外鉱,東証２部
1492,ＭＸＳ中小型,東証２部
1493,Ｏｎｅ中小型,東証２部
1494,Ｏｎｅ高配当,東証２部
1495,アジアリート,東証２部
1496,ｉＳ米ＩＧ,東証２部
1497,ｉＳドルＨＹ,東証２部
1498,ＯｎｅＥＳＧ,東証２部
1499,高配７０ＭＮ,東証２部
1514,住石ＨＤ,東証１部
1515,日鉄鉱,東証１部
1518,三井松島ＨＤ,東証１部
1540,純金信託,東証２部
1541,純プラ信,東証２部
1542,純銀信託,東証２部
1543,純パラ信,東証２部
1545,ＮＡＳＤ投信,東証２部
1546,ＮＹダウ投信,東証２部
1547,上場米国,東証２部
1550,ＭＸＳ外株,東証２部
1551,ＪＱ２０,東証２部
1552,ＶＩＸ先物,東証２部
1554,上場ＭＳ世,東証２部
1555,上場Ａリート,東証２部
1557,ＳＰＤ５００,東証２部
1559,タイＳＥＴ,東証２部
1560,マレーシア,東証２部
1563,マザーズコア,東証２部
1566,上場ＥＭ債,東証２部
1567,Ｍリスク５,東証２部
1569,ＴＰＸインバ,東証２部
1570,日経レバ,東証２部
1571,日経インバ,東証２部
1572,Ｈ株レバＷ,東証２部
1573,Ｈ株インバ,東証２部
1574,Ｍリスク１０,東証２部
1575,中国Ａ３００,東証２部
1576,南方Ａ５０,東証２部
1577,高配当７０,東証２部
1578,上場２２５Ｍ,東証２部
1579,日経レバＷ,東証２部
1580,２２５インバ,東証２部
1584,Ｋサムスン株,東証２部
1585,ダイワＥＸＦ,東証２部
1586,ＴＰＸ除金融,東証２部
1591,ＪＰＸ日経,東証２部
1592,上場ＪＰＸ,東証２部
1593,ＭＸＳ４００,東証２部
1595,ＮＺＡＭＪ,東証２部
1596,ＮＺＡＭＥＸ,東証２部
1597,ＭＸＳＪリト,東証２部
1598,ＲＮファンダ,東証２部
1599,大和ＪＰＸ,東証２部
1605,国際帝石,東証１部
1615,銀行連動,東証２部
1617,食品,東証２部
1618,エネ資源,東証２部
1619,建設資材,東証２部
1620,素材化学,東証２部
1621,医薬品,東証２部
1622,自動車,東証２部
1623,鉄鋼非鉄,東証２部
1624,機械,東証２部
1625,電機精密,東証２部
1626,情通サ他,東証２部
1627,電力ガス,東証２部
1628,運輸物流,東証２部
1629,商社卸売,東証２部
1630,小売,東証２部
1631,銀行・１７,東証２部
1632,金融,東証２部
1633,不動産,東証２部
1651,大和高配４０,東証２部
1652,大和ＷＩＮ,東証２部
1653,大和ＥＳＧ,東証２部
1654,大和ブロサム,東証２部
1655,ｉＳＳＰ米国,東証２部
1656,ｉＳ米国七十,東証２部
1657,ｉＳＭ先進国,東証２部
1659,ｉＳ米リート,東証２部
1660,ＭＸＳ高利Ｊ,東証２部
1662,石油資源,東証１部
1663,Ｋ＆Ｏエナジ,東証１部
1670,ＭＸＳ三菱,東証２部
1671,ＷＴＩ原油,東証２部
1672,金,東証２部
1673,銀,東証２部
1674,プラチナ,東証２部
1675,パラジウム,東証２部
1676,貴金属,東証２部
1677,上場外債,東証２部
1678,インドＮＩＦ,東証２部
1679,ＮＹダウ,東証２部
1680,上場ＭＳコク,東証２部
1681,上場ＭＳエマ,東証２部
1682,白金先物,東証２部
1684,商品,東証２部
1685,エナジー,東証２部
1686,メタル,東証２部
1687,アグリ,東証２部
1688,穀物,東証２部
1689,ガス,東証２部
1690,原油,東証２部
1691,ガソリン,東証２部
1692,アルミ,東証２部
1693,銅,東証２部
1694,ニッケル,東証２部
1695,小麦,東証２部
1696,コーン,東証２部
1697,大豆,東証２部
1698,上場配当,東証２部
1699,野村原油,東証２部
1711,省電舎ＨＤ,東証２部
1712,ダイセキＳ,東証１部
1716,第一カッター,東証１部
1717,明豊ファシリ,東証１部
1718,美樹工業,ＪＡＳＤＡＱ
1719,安藤ハザマ,東証１部
1720,東急建設,東証１部
1721,コムシスＨＤ,東証１部
1723,日本電技,ＪＡＳＤＡＱ
1724,シンクレイヤ,ＪＡＳＤＡＱ
1726,Ｂｒ．ＨＤ,東証１部
1728,ミサワ中国,ＪＡＳＤＡＱ
1730,麻生フオーム,ＪＡＳＤＡＱ
1734,北弘電社,札証
1736,オーテック,ＪＡＳＤＡＱ
1737,ＭＥＳＣＯ,東証２部
1739,ＳＥＥＤＨ,ＪＡＳＤＡＱ
1743,コーアツ工業,東証２部
1757,クレアＨＤ,東証２部
1758,太洋基礎,ＪＡＳＤＡＱ
1762,高松Ｇ,東証１部
1764,工藤建設,東証２部
1766,東建コーポ,東証１部
1768,ソネック,東証１部
1770,藤田エンジ,ＪＡＳＤＡＱ
1771,日本乾溜,福証
1775,ＦＦＥ＆Ｃ,東証２部
1776,三住道路,東証２部
1777,川崎設備,名証
1780,ヤマウラ,東証１部
1782,常磐開発,ＪＡＳＤＡＱ
1783,アジアゲート,ＪＡＳＤＡＱ
1787,ナカボテック,ＪＡＳＤＡＱ
1788,三東工業,ＪＡＳＤＡＱ
1789,ＥＴＳＨＤ,ＪＡＳＤＡＱ
1793,大本組,ＪＡＳＤＡＱ
1795,マサル,ＪＡＳＤＡＱ
1798,守谷商会,ＪＡＳＤＡＱ
1799,第一建設,ＪＡＳＤＡＱ
1801,大成建,東証１部
1802,大林組,東証１部
1803,清水建,東証１部
1805,飛島建,東証１部
1807,佐藤渡辺,ＪＡＳＤＡＱ
1808,長谷工,東証１部
1810,松井建,東証１部
1811,銭高組,東証１部
1812,鹿島,東証１部
1813,不動テトラ,東証１部
1814,大末建,東証１部
1815,鉄建建設,東証１部
1820,西松建,東証１部
1821,三住建設,東証１部
1822,大豊建,東証１部
1824,前田建,東証１部
1826,佐田建,東証１部
1827,ナカノフドー,東証１部
1828,田辺工業,東証２部
1832,北海電工,札証
1833,奥村組,東証１部
1835,東鉄工,東証１部
1840,土屋ＨＤ,東証２部
1841,サンユ建,ＪＡＳＤＡＱ
1844,大盛工,東証２部
1847,イチケン,東証１部
1850,南海辰村,東証２部
1852,浅沼組,東証１部
1853,森組,東証２部
1860,戸田建,東証１部
1861,熊谷組,東証１部
1866,北野建,東証１部
1867,植木組,東証１部
1869,名工建,名証
1870,矢作建,東証１部
1871,ＰＳ三菱,東証１部
1873,日本ハウスＨ,東証１部
1878,大東建,東証１部
1879,新日本建,東証１部
1881,ＮＩＰＰＯ,東証１部
1882,東亜道,東証１部
1883,前田道,東証１部
1884,日道路,東証１部
1885,東亜建,東証１部
1887,日本国土開発,東証１部
1888,若築建,東証１部
1890,東洋建,東証１部
1892,徳倉建,名証
1893,五洋建,東証１部
1897,金下建,東証２部
1898,世紀東急,東証１部
1899,福田組,東証１部
1904,大成温調,ＪＡＳＤＡＱ
1905,テノックス,ＪＡＳＤＡＱ
1909,日本ドライ,東証１部
1911,住友林,東証１部
1914,日基礎,東証１部
1921,巴,東証１部
1925,大和ハウス,東証１部
1926,ライト工,東証１部
1928,積水ハウス,東証１部
1929,日特建,東証１部
1930,北陸電工,東証１部
1934,ユアテック,東証１部
1938,日リーテック,東証１部
1939,四電工,東証１部
1941,中電工,東証１部
1942,関電工,東証１部
1944,きんでん,東証１部
1945,東京エネシス,東証１部
1946,トーエネク,東証１部
1948,弘電社,東証２部
1949,住友電設,東証１部
1950,日本電設,東証１部
1951,協エクシオ,東証１部
1954,日工営,東証１部
1959,九電工,東証１部
1960,サンテック,東証２部
1961,三機工,東証１部
1963,日揮ＨＤ,東証１部
1964,中外炉,東証１部
1965,テクノ菱和,東証２部
1966,高田工,東証２部
1967,ヤマト,東証１部
1968,太平電,東証１部
1969,高砂熱,東証１部
1971,中央ビルト,東証２部
1972,三晃金,東証１部
1973,ＮＥＳＩＣ,東証１部
1975,朝日工,東証１部
1976,明星工,東証１部
1979,大気社,東証１部
1980,ダイダン,東証１部
1981,協和日成,ＪＡＳＤＡＱ
1982,日比谷設備,東証１部
1992,神田通機,ＪＡＳＤＡＱ
1994,高橋ウォール,ＪＡＳＤＡＱ
1997,暁飯島,ＪＡＳＤＡＱ
1999,サイタＨＤ,福証
2001,日本粉,東証１部
2002,日清粉Ｇ,東証１部
2003,日東富士,東証１部
2004,昭和産,東証１部
2009,鳥越粉,東証１部
2031,ハンセンブル,東証２部
2032,ハンセンベア,東証２部
2033,ＫＯＳＰブル,東証２部
2034,ＫＯＳＰべア,東証２部
2035,日経ＶＩ,東証２部
2036,金ブル,東証２部
2037,金ベア,東証２部
2038,原油ブル,東証２部
2039,原油ベア,東証２部
2040,ＮＹダウブル,東証２部
2041,ＮＹダウベア,東証２部
2042,マザーズＥＴ,東証２部
2043,アセアン５０,東証２部
2044,米配当貴族,東証２部
2045,シンガポール,東証２部
2046,インドブル,東証２部
2047,インドベア,東証２部
2048,株高配当７０,東証２部
2050,ニッチトップ,東証２部
2053,中部飼,東証１部
2058,ヒガシマル,福証
2060,フィードワン,東証１部
2065,日本配当貴族,東証２部
2066,東証リート,東証２部
2067,野村ＡＩ７０,東証２部
2068,高ベータ３０,東証２部
2069,低ベータ５０,東証２部
2070,ＥＳＧ女活躍,東証２部
2071,ＥＳ３０総合,東証２部
2072,トップシェア,東証２部
2107,東洋糖,東証１部
2108,甜菜糖,東証１部
2109,三井製糖,東証１部
2112,塩水糖,東証１部
2114,フジ日本,東証２部
2117,日新製糖,東証１部
2120,ＬＩＦＵＬＬ,東証１部
2121,ミクシィ,東証１部
2122,Ｉスペース,マザーズ
2124,ＪＡＣＲ,東証１部
2127,Ｍ＆Ａ,東証１部
2130,メンバーズ,東証１部
2134,サンキャピタ,ＪＡＳＤＡＱ
2136,ヒップ,ＪＡＳＤＡＱ
2137,Ｈヴェラス,札証
2138,クルーズ,ＪＡＳＤＡＱ
2139,中広,東証１部
2146,ＵＴグループ,東証１部
2148,ＩＴＭ,東証１部
2150,ケアネット,マザーズ
2151,タケエイ,東証１部
2152,幼児活動研究,ＪＡＳＤＡＱ
2153,ＥＪＨＤ,東証１部
2154,ビーネックス,東証１部
2156,セーラー広告,ＪＡＳＤＡＱ
2157,コシダカＨＤ,東証１部
2158,ＦＲＯＮＴＥ,マザーズ
2159,フルスピード,東証２部
2160,ＧＮＩ,マザーズ
2162,ｎｍｓＨＤ,ＪＡＳＤＡＱ
2163,アルトナー,東証１部
2164,地域新聞社,ＪＡＳＤＡＱ
2168,パソナ,東証１部
2169,ＣＤＳ,東証１部
2170,ＬＩＮＫ＆Ｍ,東証１部
2172,インサイト,札証
2173,博展,ＪＡＳＤＡＱ
2174,ＧＣＡ,東証１部
2175,ＳＭＳ,東証１部
2178,トライＳＴＧ,マザーズ
2179,成学社,ＪＡＳＤＡＱ
2180,サニーサイド,東証１部
2181,パーソルＨＤ,東証１部
2183,リニカル,東証１部
2185,シイエムシイ,ＪＡＳＤＡＱ
2186,ソーバル,ＪＡＳＤＡＱ
2191,テラ,ＪＡＳＤＡＱ
2193,クックパッド,東証１部
2195,アミタＨＤ,ＪＡＳＤＡＱ
2196,エスクリ,東証１部
2198,アイケイケイ,東証１部
2201,森永菓,東証１部
2204,中村屋,東証１部
2206,グリコ,東証１部
2207,名糖産,東証１部
2208,ブルボン,東証２部
2209,井村屋Ｇ,東証１部
2211,不二家,東証１部
2212,山パン,東証１部
2215,第一パン,東証１部
2216,カンロ,東証２部
2217,モロゾフ,東証１部
2218,日糧パン,札証
2220,亀田菓,東証１部
2221,岩塚製菓,ＪＡＳＤＡＱ
2222,寿スピリッツ,東証１部
2224,コモ,ＪＡＳＤＡＱ
2226,湖池屋,ＪＡＳＤＡＱ
2229,カルビー,東証１部
2264,森永乳,東証１部
2266,六甲バタ,東証１部
2267,ヤクルト,東証１部
2268,サーティワン,ＪＡＳＤＡＱ
2269,明治ＨＤ,東証１部
2270,雪印メグ,東証１部
2281,プリマ,東証１部
2282,日ハム,東証１部
2286,林兼,東証１部
2288,丸大食,東証１部
2291,福留ハム,東証２部
2292,ＳＦＯＯＤＳ,東証１部
2293,滝沢ハム,ＪＡＳＤＡＱ
2294,柿安本店,東証１部
2296,伊藤ハム米久,東証１部
2300,きょくと,ＪＡＳＤＡＱ
2301,学情,東証１部
2303,ドーン,ＪＡＳＤＡＱ
2304,ＣＳＳＨＤ,ＪＡＳＤＡＱ
2307,Ｃキャット,東証１部
2309,シミックＨＤ,東証１部
2311,エプコ,東証１部
2315,ＣＡＩＣＡ,ＪＡＳＤＡＱ
2317,システナ,東証１部
2321,ソフトフロン,ＪＡＳＤＡＱ
2323,ｆｏｎｆｕｎ,ＪＡＳＤＡＱ
2325,ＮＪＳ,東証１部
2326,デジアーツ,東証１部
2327,ＮＳＳＯＬ,東証１部
2329,東北新社,ＪＡＳＤＡＱ
2330,フォーサイド,ＪＡＳＤＡＱ
2331,ＡＬＳＯＫ,東証１部
2332,クエスト,ＪＡＳＤＡＱ
2334,イオレ,マザーズ
2335,キューブシス,東証１部
2337,いちご,東証１部
2338,ビットワンＧ,東証２部
2340,極楽湯ＨＤ,ＪＡＳＤＡＱ
2341,アルバイトＴ,ＪＡＳＤＡＱ
2342,トランスＧ,マザーズ
2344,平安レイ,ＪＡＳＤＡＱ
2345,クシム,東証２部
2349,ＮＩＤ,ＪＡＳＤＡＱ
2351,ＡＳＪ,マザーズ
2352,エイジア,東証１部
2353,日駐,東証１部
2354,ＹＥＤＩＧＩ,東証２部
2359,コア,東証１部
2362,夢真ＨＤ,ＪＡＳＤＡＱ
2370,ＭＤＮＴ,マザーズ
2371,カカクコム,東証１部
2372,アイロムＧ,東証１部
2373,ケア２１,ＪＡＳＤＡＱ
2374,セントケアＨ,東証１部
2375,ギグワークス,東証２部
2376,サイネックス,東証１部
2378,ルネサンス,東証１部
2379,ディップ,東証１部
2384,ＳＢＳＨＤ,東証１部
2385,総医研ＨＤ,マザーズ
2388,ウェッジＨＤ,ＪＡＳＤＡＱ
2389,デジタルＨＤ,東証１部
2391,プラネット,ＪＡＳＤＡＱ
2393,日本ケア,東証２部
2395,新日科学,東証１部
2397,ＤＮＡ研,東証２部
2398,ツクイＨＤ,東証１部
2402,アマナ,マザーズ
2406,アルテＨＤ,ＪＡＳＤＡＱ
2408,ＫＧ情報,ＪＡＳＤＡＱ
2410,キャリアデ,東証１部
2411,ゲンダイＡＧ,ＪＡＳＤＡＱ
2412,ベネ・ワン,東証１部
2413,エムスリー,東証１部
2415,ヒューマンＨ,ＪＡＳＤＡＱ
2418,ツカダＧＨ,東証１部
2424,ブラス,東証１部
2425,ケアサービス,ＪＡＳＤＡＱ
2427,アウトソシン,東証１部
2428,ウェルネット,東証１部
2429,ワールドＨＤ,東証１部
2432,ＤｅＮＡ,東証１部
2433,博報堂ＤＹ,東証１部
2435,シダー,ＪＡＳＤＡＱ
2436,共同ＰＲ,ＪＡＳＤＡＱ
2437,シンワＷＨ,ＪＡＳＤＡＱ
2438,アスカネット,マザーズ
2440,ぐるなび,東証１部
2445,タカミヤ,東証１部
2449,プラップＪ,ＪＡＳＤＡＱ
2453,ＪＢＲ,東証１部
2454,Ａアバウト,ＪＡＳＤＡＱ
2459,アウン,東証２部
2461,ファンコミ,東証１部
2462,ライク,東証１部
2464,ＢＢＴ,東証１部
2467,バルクＨＤ,名証
2468,フュトレック,東証２部
2469,ヒビノ,ＪＡＳＤＡＱ
2471,エスプール,東証１部
2475,ＷＤＢ,東証１部
2477,手間いらず,東証１部
2479,ジェイテック,ＪＡＳＤＡＱ
2480,シスロケ,ＪＡＳＤＡＱ
2481,タウンニュス,ＪＡＳＤＡＱ
2483,翻訳センター,ＪＡＳＤＡＱ
2484,出前館,ＪＡＳＤＡＱ
2485,ティア,東証１部
2487,ＣＤＧ,東証１部
2488,日本サード,ＪＡＳＤＡＱ
2489,ＡＤＷＡＹＳ,東証１部
2491,Ｖコマース,東証１部
2492,インフォＭＴ,東証１部
2493,イーサポート,ＪＡＳＤＡＱ
2497,ユナイテッド,マザーズ
2498,オリコンＨＤ,ＪＡＳＤＡＱ
2499,日本和装,東証２部
2502,アサヒ,東証１部
2503,キリンＨＤ,東証１部
2510,国内債券,東証２部
2511,外国債券,東証２部
2512,外債ヘッジ,東証２部
2513,外国株式,東証２部
2514,外株ヘッジ,東証２部
2515,外国リート,東証２部
2516,マザーズＥＴ,東証２部
2517,Ｊリートコア,東証２部
2518,女性活躍,東証２部
2519,新興債Ｈなし,東証２部
2520,新興株Ｈなし,東証２部
2521,上場米Ｈあり,東証２部
2522,ｉＳロボ,東証２部
2523,ＭＸト除金融,東証２部
2524,ＮＺＴＰＸ,東証２部
2525,ＮＺ２２５,東証２部
2526,ＮＺＪＰＸ,東証２部
2527,ＮＺＲコア,東証２部
2528,大和Ｒコア,東証２部
2529,株主還元７０,東証２部
2530,上海１８０Ａ,東証２部
2531,宝ＨＬＤ,東証１部
2533,オエノンＨＤ,東証１部
2540,養命酒,東証１部
2551,マルサンアイ,名証
2552,ＪリートＭ,東証２部
2553,南方中国Ａ株,東証２部
2554,米社債１０,東証２部
2555,東証ＲＥＩＴ,東証２部
2556,Ｏｎｅリート,東証２部
2557,ＳＤトピクス,東証２部
2558,ＭＸＳ米国株,東証２部
2559,ＭＸＳ全世界,東証２部
2560,ＭＸＳカボン,東証２部
2561,ｉＳ日本国債,東証２部
2562,上場ダウ,東証２部
2563,ｉＳ５米為あ,東証２部
2564,ＧＸスーパー,東証２部
2565,ＧＸロジＪ,東証２部
2566,上場ＥＳＧ,東証２部
2567,ＮＺカーボン,東証２部
2568,上場ＮＱ為な,東証２部
2569,上場ＮＱ為あ,東証２部
2573,北海コカ,東証２部
2579,コカコーラ,東証１部
2586,フルッタＦ,マザーズ
2587,サントリＢＦ,東証１部
2590,ＤｙＤｏ,東証１部
2593,伊藤園,東証１部
2594,キーコーヒ,東証１部
2597,ユニカフェ,東証１部
2599,ジャパンＦ,東証１部
2602,日清オイリオ,東証１部
2607,不二製油Ｇ,東証１部
2612,かどや製油,東証１部
2613,Ｊオイル,東証１部
2620,ｉＳ米債,東証２部
2621,ｉＳ米債２０,東証２部
2622,ｉＳ新興債,東証２部
2623,ｉユーロ社債,東証２部
2624,ｉ２２５年４,東証２部
2625,ｉＴＰＸ年４,東証２部
2651,ローソン,東証１部
2652,まんだらけ,東証２部
2653,イオン九州,ＪＡＳＤＡＱ
2654,アスモ,東証２部
2656,ベクター,ＪＡＳＤＡＱ
2659,サンエー,東証１部
2664,カワチ薬品,東証１部
2666,オートウェブ,ＪＡＳＤＡＱ
2667,イメージワン,ＪＡＳＤＡＱ
2668,タビオ,東証２部
2669,カネ美食品,ＪＡＳＤＡＱ
2670,ＡＢＣマート,東証１部
2673,夢みつけ隊,ＪＡＳＤＡＱ
2674,ハードオフ,東証１部
2675,ダイナックＨ,東証２部
2676,高千穂交,東証１部
2678,アスクル,東証１部
2681,ゲオＨＤ,東証１部
2683,魚喜,東証２部
2685,アダストリア,東証１部
2686,ジーフット,東証１部
2687,ＣＶＳベイ,東証１部
2689,カワニシＨＤ,東証１部
2692,伊藤忠食品,東証１部
2693,ＹＫＴ,ＪＡＳＤＡＱ
2694,Ｇテイスト,ＪＡＳＤＡＱ
2695,くら寿司,東証１部
2698,キャンドゥ,東証１部
2700,木徳神糧,ＪＡＳＤＡＱ
2702,マクドナルド,ＪＡＳＤＡＱ
2705,大戸屋ＨＤ,ＪＡＳＤＡＱ
2706,ブロッコリー,ＪＡＳＤＡＱ
2708,久世,ＪＡＳＤＡＱ
2714,プラマテルズ,ＪＡＳＤＡＱ
2721,ＪＨＤ,ＪＡＳＤＡＱ
2722,アイケイ,東証１部
2726,パルＧＨ,東証１部
2729,ＪＡＬＵＸ,東証１部
2730,エディオン,東証１部
2733,あらた,東証１部
2734,サーラ,東証１部
2735,ワッツ,東証１部
2736,フェスタリア,ＪＡＳＤＡＱ
2737,トーメンデバ,東証１部
2742,ハローズ,東証１部
2743,ピクセル,ＪＡＳＤＡＱ
2747,北雄ラッキー,ＪＡＳＤＡＱ
2749,ＪＰＨＤ,東証１部
2750,石光商事,ＪＡＳＤＡＱ
2751,テンポスＨＤ,ＪＡＳＤＡＱ
2752,フジオフード,東証１部
2753,あみやき,東証１部
2754,東葛ＨＤ,ＪＡＳＤＡＱ
2760,東エレデバ,東証１部
2761,トシンＧ,ＪＡＳＤＡＱ
2762,三光ＭＦ,東証２部
2763,エフティＧ,ＪＡＳＤＡＱ
2764,ひらまつ,東証１部
2767,フィールズ,東証１部
2768,双日,東証１部
2769,ヴィレッジＶ,ＪＡＳＤＡＱ
2773,ミュチュアル,ＪＡＳＤＡＱ
2776,新都ＨＤ,ＪＡＳＤＡＱ
2777,カッシーナ,ＪＡＳＤＡＱ
2778,パレモＨＤ,東証２部
2780,コメ兵ＨＤ,東証２部
2782,セリア,ＪＡＳＤＡＱ
2784,アルフレッサ,東証１部
2788,アップル,東証２部
2789,カルラ,ＪＡＳＤＡＱ
2790,ナフコ,ＪＡＳＤＡＱ
2791,大黒天,東証１部
2792,ハニーズＨＤ,東証１部
2795,プリメックス,ＪＡＳＤＡＱ
2796,ファマライズ,東証１部
2798,Ｙ’ｓ,東証２部
2801,キッコマン,東証１部
2802,味の素,東証１部
2804,ブルソス,東証２部
2805,ヱスビー,東証２部
2806,ユタカフーズ,東証２部
2809,キユーピ,東証１部
2810,ハウス食Ｇ,東証１部
2812,焼津水化,東証１部
2813,和弘食品,ＪＡＳＤＡＱ
2814,佐藤食品,ＪＡＳＤＡＱ
2815,アリアケ,東証１部
2816,ダイショー,東証２部
2818,ピエトロ,東証１部
2819,エバラ食品,東証１部
2820,やまみ,東証１部
2830,アヲハタ,東証２部
2831,はごろも,東証２部
2871,ニチレイ,東証１部
2872,セイヒョー,東証２部
2874,ヨコレイ,東証１部
2875,東洋水産,東証１部
2876,デルソーレ,ＪＡＳＤＡＱ
2877,日東ベスト,ＪＡＳＤＡＱ
2882,イトアンＨＤ,東証１部
2883,大冷,東証１部
2884,ヨシムラＦＨ,東証１部
2892,日食品,東証２部
2894,石井食,東証２部
2897,日清食ＨＤ,東証１部
2899,永谷園ＨＤ,東証１部
2901,石垣食品,ＪＡＳＤＡＱ
2902,太陽化,名証
2903,シノブフーズ,東証２部
2904,一正蒲鉾,東証１部
2905,オーケー食,ＪＡＳＤＡＱ
2907,あじかん,東証２部
2908,フジッコ,東証１部
2910,ロックフィル,東証１部
2911,旭松食品,東証２部
2914,ＪＴ,東証１部
2915,ケンコーマヨ,東証１部
2916,仙波糖化,ＪＡＳＤＡＱ
2917,大森屋,ＪＡＳＤＡＱ
2918,わらべや日洋,東証１部
2919,マルタイ,福証
2922,なとり,東証１部
2923,サトウ食品,東証２部
2924,イフジ産業,東証１部
2925,ピックルス,東証１部
2926,篠崎屋,東証２部
2927,ＡＦＣＨＤ,ＪＡＳＤＡＱ
2928,ＲＩＺＡＰ,札証
2929,ファーマＦ,東証２部
2930,北の達人,東証１部
2931,ユーグレナ,東証１部
2932,ＳＴＩフード,東証２部
2971,エスコンＪＰ,東証２部
2972,サンケイＲＥ,東証２部
2974,大英産業,福証
2975,スターマイカ,東証１部
2976,Ｎグランデ,札証
2978,ツクルバ,マザーズ
2979,ＳＯＳｉＬＡ,東証２部
2980,ＳＲＥＨＤ,東証１部
2981,ランディクス,マザーズ
2982,ＡＤワークＧ,東証１部
2986,ＬＡＨＤ,ＪＡＳＤＡＱ
2987,タスキ,マザーズ
3001,片倉,東証１部
3002,グンゼ,東証１部
3003,ヒューリック,東証１部
3004,神栄,東証１部
3010,価値開発,東証２部
3011,バナーズ,東証２部
3020,アプライド,ＪＡＳＤＡＱ
3021,ＰＣＮＥＴ,東証２部
3023,ラサ商事,東証１部
3024,クリエイト,ＪＡＳＤＡＱ
3028,アルペン,東証１部
3030,ハブ,東証１部
3031,ラクーンＨＤ,東証１部
3032,ゴルフドゥ,名証
3034,クオールＨＤ,東証１部
3035,ＫＴＫ,ＪＡＳＤＡＱ
3036,アルコニクス,東証１部
3038,神戸物産,東証１部
3040,ソリトン,東証１部
3041,ビ花壇,東証２部
3042,セキュア,ＪＡＳＤＡＱ
3045,カワサキ,東証２部
3046,ジンズＨＤ,東証１部
3047,トラックワン,福証
3048,ビックカメラ,東証１部
3050,ＤＣＭ,東証１部
3053,ペッパー,東証１部
3054,ハイパー,東証１部
3055,ほくたけ,札証
3057,ゼットン,名証
3058,三洋堂ＨＤ,ＪＡＳＤＡＱ
3059,ヒラキ,東証２部
3063,ＪグループＨ,マザーズ
3064,ＭＲＯ,東証１部
3065,ライフフーズ,ＪＡＳＤＡＱ
3066,ＪＢイレブン,名証
3067,東京一番,東証１部
3069,ＪＦＬＡＨＤ,ＪＡＳＤＡＱ
3070,アマガサ,ＪＡＳＤＡＱ
3071,ストリーム,東証２部
3073,ＤＤＨＤ,東証１部
3075,銚子丸,ＪＡＳＤＡＱ
3076,あいＨＤ,東証１部
3077,ホリイフード,ＪＡＳＤＡＱ
3079,ＤＶｘ,東証１部
3080,ジェーソン,ＪＡＳＤＡＱ
3082,きちりＨＤ,東証１部
3083,シーズメン,ＪＡＳＤＡＱ
3085,ＡＬサービス,東証１部
3086,Ｊフロント,東証１部
3087,ドトル日レス,東証１部
3088,マツモトキヨ,東証１部
3089,テクノアルフ,ＪＡＳＤＡＱ
3091,ブロンコＢ,東証１部
3092,ＺＯＺＯ,東証１部
3093,トレファク,東証１部
3094,スーパーＶ,ＪＡＳＤＡＱ
3096,オーシャン,ＪＡＳＤＡＱ
3097,物語コーポ,東証１部
3098,ココカラＦ,東証１部
3099,三越伊勢丹,東証１部
3101,東洋紡,東証１部
3103,ユニチカ,東証１部
3104,富士紡ＨＤ,東証１部
3105,日清紡ＨＤ,東証１部
3106,クラボウ,東証１部
3107,ダイワボＨＤ,東証１部
3109,シキボウ,東証１部
3110,日東紡,東証１部
3111,オーミケン,東証２部
3113,Ｏａｋ,東証２部
3116,トヨタ紡織,東証１部
3121,マーチャント,東証２部
3123,サイボー,東証２部
3125,新内外綿,東証２部
3131,シンデンハイ,ＪＡＳＤＡＱ
3132,マクニカ富士,東証１部
3133,海帆,マザーズ
3134,Ｈａｍｅｅ,東証１部
3135,Ｍエンター,マザーズ
3136,エコノス,札証
3137,ファンデリー,マザーズ
3138,富士マガジン,マザーズ
3139,ラクトＪ,東証１部
3140,イデアインタ,ＪＡＳＤＡＱ
3141,ウエルシアＨ,東証１部
3148,クリエイトＨ,東証１部
3150,グリムス,東証１部
3151,バイタルＫＳ,東証１部
3153,八洲電機,東証１部
3154,メディアスＨ,東証１部
3156,レスターＨＤ,東証１部
3157,ジューテック,東証１部
3159,丸善ＣＨＩ,東証１部
3160,大光,東証１部
3161,アゼアス,東証２部
3166,ＯＣＨＩＨＤ,東証１部
3167,ＴＯＫＡＩＨ,東証１部
3168,黒谷,東証１部
3169,ミサワ,東証１部
3172,ティーライフ,東証１部
3173,Ｃｏｍｉｎｉ,東証１部
3174,ハピネス＆Ｄ,ＪＡＳＤＡＱ
3175,ＡＰＨＤ,東証１部
3176,三洋貿易,東証１部
3177,ありがとうＳ,ＪＡＳＤＡＱ
3178,チムニー,東証１部
3179,シュッピン,東証１部
3180,Ｂガレージ,東証１部
3181,買取王国,ＪＡＳＤＡＱ
3182,オイラ大地,東証１部
3183,ウインパトナ,東証１部
3184,ＩＣＤＡ,東証２部
3185,夢展望,マザーズ
3186,ネクステージ,東証１部
3187,サンワＣ,マザーズ
3189,ＡＮＡＰ,ＪＡＳＤＡＱ
3190,ホットマン,ＪＡＳＤＡＱ
3191,ジョイ本田,東証１部
3192,白鳩,ＪＡＳＤＡＱ
3193,鳥貴族,東証１部
3195,ジェネパ,マザーズ
3196,ホットランド,東証１部
3197,すかいらくＨ,東証１部
3198,ＳＦＰＨＤ,東証１部
3199,綿半ＨＤ,東証１部
3201,ニッケ,東証１部
3202,ダイトウボウ,東証１部
3204,トーア紡,東証１部
3205,ダイドー,東証１部
3221,ヨシックス,東証１部
3222,ＵＳＭＨ,東証１部
3223,ＳＬＤ,ＪＡＳＤＡＱ
3224,Ｇオイスター,マザーズ
3226,アコモＦ,東証２部
3228,三栄建築,東証１部
3231,野村不ＨＤ,東証１部
3232,三重交通ＨＤ,東証１部
3234,森ヒルズ,東証２部
3236,プロパスト,ＪＡＳＤＡＱ
3237,イントランス,マザーズ
3238,セントラル総,東証２部
3241,ウィル,東証２部
3242,アーバネット,ＪＡＳＤＡＱ
3244,サムティ,東証１部
3245,ディアライフ,東証１部
3246,コーセーＲＥ,東証１部
3248,アールエイジ,東証２部
3249,産業ファ,東証２部
3252,日商開,東証１部
3254,プレサンス,東証１部
3260,エスポア,名証
3261,グラン,マザーズ
3264,アスコット,ＪＡＳＤＡＱ
3266,ファンドクリ,ＪＡＳＤＡＱ
3267,フィルＣ,東証１部
3269,ＡＤＲ,東証２部
3271,グロバル社,東証１部
3275,ハウスコム,東証１部
3276,日本管理,東証１部
3277,サンセイＬ,東証１部
3278,ケネディレジ,東証２部
3279,ＡＰＩ,東証２部
3280,エストラスト,東証１部
3281,ＧＬＰ,東証２部
3282,コンフォリア,東証２部
3283,プロロジ,東証２部
3284,フージャース,東証１部
3286,トラストＨＤ,マザーズ
3287,星野リゾート,東証２部
3288,オプンハウス,東証１部
3289,東急不ＨＤ,東証１部
3290,Ｏｎｅリート,東証２部
3291,飯田ＧＨＤ,東証１部
3292,イオンリート,東証２部
3293,アズマハウス,ＪＡＳＤＡＱ
3294,イーグランド,東証１部
3295,ヒュリックＲ,東証２部
3296,日本リート,東証２部
3297,東武住販,ＪＡＳＤＡＱ
3298,インベスコ,東証２部
3299,ムゲンエステ,東証１部
3300,ＡＭＢＩＴＩ,マザーズ
3302,帝繊維,東証１部
3309,積水ハウスＲ,東証２部
3315,日本コークス,東証１部
3316,東日システム,ＪＡＳＤＡＱ
3317,フライングＧ,ＪＡＳＤＡＱ
3319,ＧＤＯ,東証１部
3320,クロスプラス,東証２部
3321,ミタチ産業,東証１部
3322,アルファＧ,ＪＡＳＤＡＱ
3323,レカム,ＪＡＳＤＡＱ
3326,ランシステム,ＪＡＳＤＡＱ
3328,ＢＥＥＮＯＳ,東証１部
3329,東和フード,ＪＡＳＤＡＱ
3333,あさひ,東証１部
3341,日本調剤,東証１部
3344,ワンダーＣｏ,ＪＡＳＤＡＱ
3346,２１ＬＡＤＹ,名証
3347,トラスト,東証２部
3349,コスモス薬,東証１部
3350,ＲＥＤ,ＪＡＳＤＡＱ
3352,バッファロー,ＪＡＳＤＡＱ
3353,メディ一光Ｇ,ＪＡＳＤＡＱ
3355,クリヤマＨＤ,東証２部
3356,テリロジー,ＪＡＳＤＡＱ
3358,ＹＳフード,ＪＡＳＤＡＱ
3359,ｃｏｔｔａ,マザーズ
3360,シップＨＤ,東証１部
3361,トーエル,東証１部
3370,フジタコーポ,ＪＡＳＤＡＱ
3371,ソフトクリＨ,東証１部
3372,関門海,東証２部
3374,内外テック,ＪＡＳＤＡＱ
3375,ＺＯＡ,ＪＡＳＤＡＱ
3376,オンリー,東証１部
3377,バイク王,東証２部
3382,７＆ｉＨＤ,東証１部
3384,アークコア,名証
3386,コスモバイオ,ＪＡＳＤＡＱ
3387,クリレスＨＤ,東証１部
3388,明治電機,東証１部
3390,ＩＮＥＳＴ,ＪＡＳＤＡＱ
3391,ツルハＨＤ,東証１部
3392,デリカＦＨ,東証１部
3393,スタティアＨ,東証１部
3395,サンマルクＨ,東証１部
3396,フェリシモ,東証１部
3397,トリドールＨ,東証１部
3399,山岡家,ＪＡＳＤＡＱ
3401,帝人,東証１部
3402,東レ,東証１部
3407,旭化成,東証１部
3408,サカイオーベ,東証１部
3409,北日紡,東証２部
3415,ＴＢＡＳＥ,東証１部
3416,ピクスタ,マザーズ
3417,大木ヘルス,ＪＡＳＤＡＱ
3418,バルニバービ,マザーズ
3419,アートＧ,名証
3420,ＫＦＣ,東証２部
3421,稲葉製作,東証１部
3422,丸順,名証
3423,エスイー,ＪＡＳＤＡＱ
3426,アトムリビン,ＪＡＳＤＡＱ
3431,宮地エンジ,東証１部
3433,トーカロ,東証１部
3434,アルファＣｏ,東証１部
3435,サンコテクノ,東証２部
3436,ＳＵＭＣＯ,東証１部
3437,特殊電極,ＪＡＳＤＡＱ
3439,三ツ知,ＪＡＳＤＡＱ
3440,日創プロ,東証２部
3441,山王,ＪＡＳＤＡＱ
3442,ＭＩＥコーポ,名証
3443,川田ＴＥＣＨ,東証１部
3444,菊池製作所,ＪＡＳＤＡＱ
3445,ＲＳＴＥＣＨ,東証１部
3446,ＪＴＥＣ,東証１部
3447,信和,東証１部
3449,テクノフレ,東証２部
3451,トーセイＲ,東証２部
3452,ビーロット,東証１部
3453,ケネディ商業,東証２部
3454,Ｆブラザーズ,東証１部
3455,ＨＣＭ,東証２部
3457,ハウスドゥ,東証１部
3458,ＣＲＥ,東証１部
3459,サムティレジ,東証２部
3461,パルマ,マザーズ
3462,ＮＭＦ,東証２部
3463,いちごホテル,東証２部
3464,プロパティＡ,東証１部
3465,ＫＩスター不,東証１部
3466,ラサールロジ,東証２部
3467,アグレ都市,東証１部
3468,スターアジア,東証２部
3469,デュアルタプ,東証２部
3470,マリモリート,東証２部
3471,三井不ロジ,東証２部
3472,大江戸温泉,東証２部
3475,グッドコムＡ,東証１部
3476,投資みらい,東証２部
3477,Ｆライフ,マザーズ
3478,森トラホテル,東証２部
3479,ＴＫＰ,マザーズ
3480,ＪＳＢ,東証１部
3481,三菱地所物流,東証２部
3482,ロードスター,マザーズ
3484,テンポイノベ,東証１部
3486,ＧＬＭ,東証１部
3487,ＣＲＥロジ,東証２部
3488,ザイマックス,東証２部
3489,フェイスＮＷ,マザーズ
3490,アズ企画,ＪＡＳＤＡＱ
3491,ＧＡＴＥＣＨ,マザーズ
3492,タカラリート,東証２部
3493,ＩＡＬ,東証２部
3494,マリオン,ＪＡＳＤＡＱ
3495,香陵住販,ＪＡＳＤＡＱ
3496,アズーム,マザーズ
3497,リーガル不,マザーズ
3498,霞ヶ関キャピ,マザーズ
3501,住江織,東証１部
3504,丸八ＨＤ,名証
3512,フエルト,東証１部
3513,イチカワ,東証１部
3515,フジコー,ＪＡＳＤＡＱ
3521,エコナクＨＤ,東証１部
3524,日東網,東証１部
3526,芦森工,東証１部
3528,プロスペクト,東証２部
3529,アツギ,東証１部
3536,アクサスＨＤ,ＪＡＳＤＡＱ
3537,昭栄薬品,ＪＡＳＤＡＱ
3538,ウイルプラス,東証１部
3539,ＪＭＨＤ,東証１部
3540,歯愛メディ,ＪＡＳＤＡＱ
3541,農業総合研,マザーズ
3542,ＶＥＧＡ,マザーズ
3543,コメダ,東証１部
3544,サツドラＨＤ,東証１部
3546,アレンザＨＤ,東証１部
3547,串カツ田中,東証１部
3548,バロック,東証１部
3549,クスリアオキ,東証１部
3550,Ｓアタオ,マザーズ
3551,ダイニク,東証１部
3553,共和レザ,東証１部
3556,リネットＪ,マザーズ
3558,ロコンド,マザーズ
3559,ピーバン,東証１部
3560,ほぼ日,ＪＡＳＤＡＱ
3561,力の源ＨＤ,東証１部
3562,Ｎｏ．１,ＪＡＳＤＡＱ
3563,スシローＧＨ,東証１部
3565,アセンテック,東証１部
3566,ユニフォムＮ,マザーズ
3569,セーレン,東証１部
3571,ソトー,東証１部
3577,東海染工,東証１部
3578,倉庫精,東証２部
3580,小松マテレ,東証１部
3583,オーベクス,東証２部
3591,ワコールＨＤ,東証１部
3593,ホギメディ,東証１部
3597,自重堂,東証２部
3598,山喜,東証２部
3600,フジックス,東証２部
3604,川本産業,東証２部
3607,クラウディＨ,東証１部
3608,ＴＳＩＨＤ,東証１部
3611,マツオカ,東証１部
3612,ワールド,東証１部
3622,ネットイヤー,マザーズ
3623,ビリングＳ,マザーズ
3624,アクセルＭ,マザーズ
3625,テックファム,ＪＡＳＤＡＱ
3626,ＴＩＳ,東証１部
3627,ＪＮＳ,東証１部
3628,データＨＲ,マザーズ
3630,電算システム,東証１部
3632,グリー,東証１部
3633,ＧＭＯペパボ,東証１部
3634,ソケッツ,東証２部
3635,コーエテクモ,東証１部
3636,三菱総研,東証１部
3639,ボルテージ,東証１部
3640,電算,東証１部
3641,パピレス,ＪＡＳＤＡＱ
3645,メディカルＮ,マザーズ
3646,駅探,マザーズ
3647,ジースリーＨ,東証２部
3648,ＡＧＳ,東証１部
3649,ファインＤ,東証１部
3652,ＤＭＰ,マザーズ
3653,モルフォ,マザーズ
3655,ブレインＰ,東証１部
3656,ＫＬａｂ,東証１部
3658,イーブック,東証１部
3659,ネクソン,東証１部
3660,アイスタイル,東証１部
3661,エムアップＨ,東証１部
3662,エイチーム,東証１部
3663,アートスパク,東証２部
3664,モブキャスＨ,マザーズ
3665,エニグモ,東証１部
3666,テクノスＪ,東証１部
3667,ｅｎｉｓｈ,東証１部
3668,コロプラ,東証１部
3670,協立情報通信,ＪＡＳＤＡＱ
3671,ソフトＭＡＸ,マザーズ
3672,オルトプラス,東証１部
3673,ブロドリーフ,東証１部
3674,オークファン,マザーズ
3675,クロスマーケ,東証１部
3676,デジハＨＤ,東証１部
3677,システム情報,東証１部
3678,メディアドゥ,東証１部
3679,じげん,東証１部
3680,ホットリンク,マザーズ
3681,Ｖキューブ,東証１部
3682,エンカレッジ,東証１部
3683,サイバーＬ,東証１部
3686,ＤＬＥ,東証１部
3687,Ｆスターズ,東証１部
3688,ＣＡＲＴＡＨ,東証１部
3689,イグニス,マザーズ
3690,イルグルム,マザーズ
3691,Ｒワールド,マザーズ
3692,ＦＦＲＩ,マザーズ
3694,オプティム,東証１部
3695,ＧＭＯリサチ,マザーズ
3696,セレス,東証１部
3697,ＳＨＩＦＴ,東証１部
3698,ＣＲＩＭＷ,マザーズ
3708,特種東海,東証１部
3710,ジョルダン,ＪＡＳＤＡＱ
3712,情報企画,東証２部
3719,ジェクシード,ＪＡＳＤＡＱ
3723,ファルコム,マザーズ
3726,フォーシーズ,東証２部
3727,ＡＰＬＩＸ,マザーズ
3733,ソフトウェア,ＪＡＳＤＡＱ
3738,ティーガイア,東証１部
3739,コムシード,名証
3741,セック,東証１部
3744,サイオス,東証２部
3750,ＦＲＡＣＴＡ,東証２部
3751,日本アＧ,東証１部
3753,フライト,東証２部
3758,アエリア,ＪＡＳＤＡＱ
3760,ケイブ,ＪＡＳＤＡＱ
3762,テクマト,東証１部
3763,プロシップ,東証１部
3765,ガンホー,東証１部
3766,システムズＤ,ＪＡＳＤＡＱ
3768,リスクモンス,東証２部
3769,ＧＭＯＰＧ,東証１部
3770,ザッパラス,東証１部
3771,Ｓリサーチ,東証１部
3772,ウェルス,東証２部
3773,ＡＭＩ,マザーズ
3774,ＩＩＪ,東証１部
3775,ガイアックス,名証
3776,ＢＢタワー,ＪＡＳＤＡＱ
3777,ＦＨＴＨＤ,ＪＡＳＤＡＱ
3778,さくら,東証１部
3779,ＪエスコムＨ,ＪＡＳＤＡＱ
3782,ＤＤＳ,マザーズ
3784,ヴィンクス,東証１部
3787,テクノマセ,東証２部
3788,ＧＭＯＧＨＤ,東証１部
3791,ＩＧポート,ＪＡＳＤＡＱ
3793,ドリコム,マザーズ
3796,いい生活,東証２部
3798,ＵＬＳグルプ,ＪＡＳＤＡＱ
3799,キーウェア,東証２部
3800,ユニリタ,ＪＡＳＤＡＱ
3802,エコミック,ＪＡＳＤＡＱ
3803,イメージ情報,ＪＡＳＤＡＱ
3804,システムＤ,ＪＡＳＤＡＱ
3807,フィスコ,ＪＡＳＤＡＱ
3808,ＯＫ,名証
3810,サイバーＳ,東証２部
3814,アルファクス,ＪＡＳＤＡＱ
3815,メディア,マザーズ
3816,大和コン,ＪＡＳＤＡＱ
3817,ＳＲＡＨＤ,東証１部
3823,アクロディア,東証２部
3824,メディア５,福証
3825,リミックス,東証２部
3826,ＳＩ,東証１部
3830,ギガプライズ,名証
3834,朝日ネット,東証１部
3835,ｅＢＡＳＥ,東証１部
3836,アバント,東証１部
3839,ＯＤＫ,東証２部
3840,パス,東証２部
3841,ジーダット,ＪＡＳＤＡＱ
3842,ネクストＧ,ＪＡＳＤＡＱ
3843,フリービット,東証１部
3844,コムチュア,東証１部
3845,アイフリーク,ＪＡＳＤＡＱ
3847,パシフィクＳ,ＪＡＳＤＡＱ
3848,データアプリ,ＪＡＳＤＡＱ
3849,ＮＴＬ,札証
3850,ＮＴＴＤＩＭ,東証２部
3851,日本一Ｓ,ＪＡＳＤＡＱ
3852,サイバーコム,東証１部
3853,アステリア,東証１部
3854,アイル,東証１部
3856,Ａｂａｌａｎ,東証２部
3857,ラック,ＪＡＳＤＡＱ
3858,ユビキタＡＩ,ＪＡＳＤＡＱ
3861,王子ＨＤ,東証１部
3863,日本紙,東証１部
3864,三菱紙,東証１部
3865,北越コーポ,東証１部
3877,中越パ,東証１部
3878,巴川紙,東証１部
3880,大王紙,東証１部
3891,高度紙,ＪＡＳＤＡＱ
3892,岡山製紙,ＪＡＳＤＡＱ
3895,ハビックス,ＪＡＳＤＡＱ
3896,阿波製紙,東証１部
3900,クラウドＷ,マザーズ
3901,Ｍラインズ,東証１部
3902,ＭＤＶ,東証１部
3903,ｇｕｍｉ,東証１部
3904,カヤック,マザーズ
3905,Ｄセクション,マザーズ
3906,ＡＬＢＥＲＴ,マザーズ
3907,シリコンＳ,マザーズ
3908,コラボス,マザーズ
3909,ショーケース,東証１部
3910,ＭＫシステム,ＪＡＳＤＡＱ
3911,Ａｉｍｉｎｇ,マザーズ
3912,モバファク,東証１部
3913,ｓＭｅｄｉｏ,マザーズ
3914,ＪＩＧＳＡＷ,マザーズ
3915,テラスカイ,東証１部
3916,ＤＩＴ,東証１部
3917,アイリッジ,マザーズ
3918,ＰＣＩＨＤ,東証１部
3919,パイプドＨＤ,東証１部
3921,ネオジャパン,東証１部
3922,ＰＲＴＩＭＥ,東証１部
3923,ラクス,マザーズ
3924,ランドＣ,東証１部
3925,ダブルスタン,東証１部
3926,オープンドア,東証１部
3927,フーバーＢ,マザーズ
3928,マイネット,東証１部
3929,Ｓワイヤー,マザーズ
3930,はてな,マザーズ
3931,バリュゴルフ,マザーズ
3932,アカツキ,東証１部
3933,チエル,ＪＡＳＤＡＱ
3934,ベネフィット,東証１部
3935,エディア,マザーズ
3936,グロバウェイ,マザーズ
3937,Ｕｂｉｃｏｍ,東証１部
3939,カナミックＮ,東証１部
3940,ノムラシス,東証１部
3941,レンゴー,東証１部
3943,大石産,福証
3944,古林紙,東証２部
3945,スパバッグ,東証２部
3946,トーモク,東証１部
3947,ダイナパック,東証２部
3948,光ビジ,ＪＡＳＤＡＱ
3950,ザパック,東証１部
3951,朝日印刷,東証２部
3952,中央紙器,名証
3953,大村紙業,ＪＡＳＤＡＱ
3954,ＰＡＸＸＳ,ＪＡＳＤＡＱ
3955,イムラ封筒,東証２部
3956,国際チャート,ＪＡＳＤＡＱ
3960,バリューＤ,マザーズ
3961,シルバエッグ,マザーズ
3962,チェンジ,東証１部
3963,シンクロＦ,東証１部
3964,オークネット,東証１部
3965,ＣＡＰ,東証１部
3966,ユーザベース,マザーズ
3967,エルテス,マザーズ
3968,セグエ,東証１部
3969,エイトレッド,東証１部
3970,イノベション,マザーズ
3974,ＴＢＣＳＣＡ,ＪＡＳＤＡＱ
3975,ＡＯＩＴＹＯ,東証１部
3976,シャノン,マザーズ
3977,フュージョン,札証
3978,マクロミル,東証１部
3981,ビーグリー,東証１部
3983,オロ,東証１部
3984,ユーザーＬ,東証１部
3985,テモナ,東証１部
3986,ビーブレイク,マザーズ
3987,エコモット,マザーズ
3988,ＳＹＳＨＤ,ＪＡＳＤＡＱ
3989,シェアＲＴ,マザーズ
3990,ＵＵＵＭ,マザーズ
3991,ウォンテッド,マザーズ
3992,ニーズウェル,東証１部
3993,ＰＫＳＨＡ,マザーズ
3994,Ｍフォワード,マザーズ
3995,ＳＫＩＹＡＫ,マザーズ
3996,サインポスト,東証１部
3997,トレドワクス,ＪＡＳＤＡＱ
3998,すららネット,マザーズ
3999,ナレッジＳ,マザーズ
4004,昭電工,東証１部
4005,住友化,東証１部
4008,住友精化,東証１部
4011,ヘッドウォー,マザーズ
4012,アクシス,マザーズ
4013,日通システム,マザーズ
4014,カラダノート,マザーズ
4015,アララ,マザーズ
4016,ＭＩＴＨＤ,ＪＡＳＤＡＱ
4017,クリーマ,マザーズ
4019,スタメン,マザーズ
4020,ビートレンド,マザーズ
4021,日産化,東証１部
4022,ラサ工,東証１部
4023,クレハ,東証１部
4025,多木化,東証１部
4026,神島化工,東証２部
4027,テイカ,東証１部
4028,石原産,東証１部
4031,片倉コープ,東証１部
4041,日曹達,東証１部
4042,東ソー,東証１部
4043,トクヤマ,東証１部
4044,セ硝子,東証１部
4045,東合成,東証１部
4046,大阪ソーダ,東証１部
4047,関電化,東証１部
4051,ＧＭＯＦＧ,マザーズ
4052,フィーチャ,マザーズ
4053,サンアスタ,マザーズ
4054,日本情報Ｃ,マザーズ
4056,ニューラル,マザーズ
4057,インタファク,マザーズ
4058,トヨクモ,マザーズ
4059,まぐまぐ,ＪＡＳＤＡＱ
4060,ｒａｋｕｍｏ,マザーズ
4061,デンカ,東証１部
4062,イビデン,東証１部
4063,信越化,東証１部
4064,カーバイド,東証１部
4078,堺化学,東証１部
4080,田中化研,ＪＡＳＤＡＱ
4082,稀元素,東証１部
4088,エアウォータ,東証１部
4091,日本酸素ＨＤ,東証１部
4092,日本化,東証１部
4093,アセチレン,東証１部
4094,日化産,東証２部
4095,パカライ,東証１部
4097,高圧ガス,東証１部
4098,チタン工,東証１部
4099,四国化,東証１部
4100,戸田工,東証１部
4102,丸尾カ,東証２部
4107,伊勢化,東証２部
4109,ステラケミフ,東証１部
4112,保土谷化,東証１部
4113,田岡化,東証２部
4114,日触媒,東証１部
4115,本州化,東証２部
4116,大日精化,東証１部
4118,カネカ,東証１部
4119,ピグメント,東証２部
4120,スガイ化,東証２部
4124,大阪油化工業,ＪＡＳＤＡＱ
4151,協和キリン,東証１部
4165,プレイド,マザーズ
4166,かっこ,マザーズ
4167,ココペリ,マザーズ
4168,ヤプリ,マザーズ
4169,ＥＮＥＣＨＡ,マザーズ
4170,Ｋａｉｚｅｎ,マザーズ
4171,グローバルＩ,ＪＡＳＤＡＱ
4182,菱ガス化,東証１部
4183,三井化学,東証１部
4185,ＪＳＲ,東証１部
4186,東応化,東証１部
4187,大有機化,東証１部
4188,三菱ケミＨＤ,東証１部
4189,ＫＨネオケム,東証１部
4203,住友ベ,東証１部
4204,積水化,東証１部
4205,ゼオン,東証１部
4206,アイカ工,東証１部
4208,宇部興,東証１部
4212,積樹脂,東証１部
4215,タキロンＣＩ,東証１部
4216,旭有機材,東証１部
4218,ニチバン,東証１部
4220,リケンテクノ,東証１部
4221,大倉工,東証１部
4222,児玉化,東証２部
4224,ロンシル,東証２部
4228,積化成,東証１部
4229,群栄化,東証１部
4231,タイガーポリ,東証１部
4234,サンエー化研,ＪＡＳＤＡＱ
4235,ＵＦＨＤ,ＪＡＳＤＡＱ
4237,フジプレアム,ＪＡＳＤＡＱ
4238,ミライアル,東証１部
4240,クラスターＴ,ＪＡＳＤＡＱ
4241,アテクト,ＪＡＳＤＡＱ
4242,タカギセイコ,ＪＡＳＤＡＱ
4243,ニックス,ＪＡＳＤＡＱ
4245,ダイキアクシ,東証１部
4246,ＤＮＣ,東証１部
4247,ポバール興業,名証
4248,竹本容器,東証１部
4249,森六,東証１部
4251,恵和,東証１部
4272,日化薬,東証１部
4274,細谷火工,ＪＡＳＤＡＱ
4275,カーリットＨ,東証１部
4282,ＥＰＳ,東証１部
4284,ソルクシーズ,東証１部
4286,レッグス,東証１部
4287,ジャストプラ,ＪＡＳＤＡＱ
4288,アズジェント,ＪＡＳＤＡＱ
4290,ＰＩ,東証１部
4293,セプテーニＨ,ＪＡＳＤＡＱ
4295,フェイス,東証１部
4298,プロトコーポ,東証１部
4299,ハイマックス,東証１部
4301,アミューズ,東証１部
4304,Ｅストアー,ＪＡＳＤＡＱ
4307,ＮＲＩ,東証１部
4308,Ｊストリーム,マザーズ
4310,ドリームＩ,東証１部
4312,サイバネット,東証１部
4317,レイ,ＪＡＳＤＡＱ
4318,クイック,東証１部
4319,ＴＡＣ,東証１部
4320,ＣＥＨＤ,東証１部
4321,ケネディクス,東証１部
4323,日シス技術,東証１部
4324,電通グループ,東証１部
4326,インテージＨ,東証１部
4327,ＳＨＬ,ＪＡＳＤＡＱ
4331,Ｔ＆Ｇニーズ,東証１部
4333,東邦システム,東証１部
4334,ユークス,ＪＡＳＤＡＱ
4335,ＩＰＳ,ＪＡＳＤＡＱ
4336,クリエアナブ,ＪＡＳＤＡＱ
4337,ぴあ,東証１部
4341,西菱電機,東証２部
4342,セコム上,東証２部
4343,イオンファン,東証１部
4344,ソースネクス,東証１部
4345,ＣＴＳ,東証１部
4346,ネクシィーズ,東証１部
4347,ブロメディア,ＪＡＳＤＡＱ
4348,インフォコム,東証１部
4349,テスク,名証
4350,メディシス,東証１部
4351,山田債権,ＪＡＳＤＡＱ
4355,ロングライフ,ＪＡＳＤＡＱ
4356,応用技術,ＪＡＳＤＡＱ
4361,川口化,東証２部
4362,日精化,東証１部
4364,マナック,東証２部
4365,松本油脂,ＪＡＳＤＡＱ
4366,ダイトーケミ,東証２部
4367,広栄化学,東証２部
4368,扶桑化学,東証１部
4369,トリケミカル,東証１部
4380,Ｍマート,マザーズ
4381,ビープラッツ,マザーズ
4382,ＨＥＲＯＺ,東証１部
4384,ラクスル,東証１部
4385,メルカリ,マザーズ
4386,ＳＩＧ,東証２部
4387,ＺＵＵ,マザーズ
4388,エーアイ,マザーズ
4389,プロパティＤ,マザーズ
4390,ｉｐｓ,マザーズ
4391,ロジザード,マザーズ
4392,ＦＩＧ,東証１部
4393,バンクイノベ,マザーズ
4395,アクリート,マザーズ
4396,システムサポ,東証１部
4397,チームスピリ,マザーズ
4398,ＢＢＳｅｃ,ＪＡＳＤＡＱ
4399,くふうＣ,マザーズ
4401,ＡＤＥＫＡ,東証１部
4403,日油,東証１部
4404,ミヨシ油,東証１部
4406,新日理化,東証１部
4409,東邦化,東証２部
4410,ハリマ化成Ｇ,東証１部
4420,イーソル,東証１部
4421,ＤＩシステム,ＪＡＳＤＡＱ
4422,ＶＡＬＵＥＮ,マザーズ
4423,アルテリア,東証１部
4424,Ａｍａｚｉａ,マザーズ
4425,Ｋｕｄａｎ,マザーズ
4427,ＥｄｕＬａｂ,東証１部
4428,シノプス,マザーズ
4429,リックソフト,マザーズ
4430,東海ソフト,東証１部
4431,スマレジ,マザーズ
4433,ヒトコムＨＤ,東証１部
4434,サーバーＷ,マザーズ
4435,カオナビ,マザーズ
4436,ミンカブ,マザーズ
4437,ＧＤＨ,マザーズ
4438,Ｗｅｌｂｙ,マザーズ
4439,東名,東証１部
4440,ヴィッツ,東証１部
4441,トビラＳ,東証１部
4442,バルテス,マザーズ
4443,Ｓａｎｓａｎ,マザーズ
4444,インフォＮ,マザーズ
4445,リビンテクノ,マザーズ
4446,ＬｉｎｋＵ,東証１部
4447,ＰＢシステム,福証
4448,Ｃｈａｔｗ,マザーズ
4449,ギフティ,マザーズ
4450,ＰＳＯＬ,マザーズ
4452,花王,東証１部
4461,一工薬,東証１部
4462,石原ケミカル,東証１部
4463,日華化,東証１部
4464,ソフト９９,東証２部
4465,ニイタカ,東証１部
4471,三洋化,東証１部
4475,ＨＥＮＮＧＥ,マザーズ
4476,ＡＩＣＲＯＳ,マザーズ
4478,フリー,マザーズ
4479,マクアケ,マザーズ
4480,メドレー,マザーズ
4481,ベース,東証１部
4482,ウィルズ,マザーズ
4483,ＪＭＤＣ,マザーズ
4484,ランサーズ,マザーズ
4485,ＪＴＯＷＥＲ,マザーズ
4486,ユナイトＧ,マザーズ
4487,スペスマーケ,マザーズ
4488,ＡＩインサイ,マザーズ
4490,ビザスク,マザーズ
4491,Ｃマネージ,ＪＡＳＤＡＱ
4492,ゼネテック,ＪＡＳＤＡＱ
4493,Ｓセキュリ,マザーズ
4494,バリオセキュ,東証２部
4495,アイキューブ,マザーズ
4496,コマースワン,マザーズ
4497,ロコガイド,マザーズ
4499,Ｓｐｅｅｅ,ＪＡＳＤＡＱ
4502,武田薬,東証１部
4503,アステラス薬,東証１部
4506,大日住薬,東証１部
4507,塩野義薬,東証１部
4512,わかもと,東証１部
4514,あすか薬,東証１部
4516,日本新薬,東証１部
4517,ビオフェル,東証１部
4519,中外薬,東証１部
4521,科研薬,東証１部
4523,エーザイ,東証１部
4524,仁丹,東証２部
4526,理ビタ,東証１部
4527,ロート,東証１部
4528,小野薬,東証１部
4530,久光薬,東証１部
4531,有機薬,東証１部
4534,持田薬,東証１部
4536,参天薬,東証１部
4538,扶桑薬,東証１部
4539,ケミファ,東証１部
4540,ツムラ,東証１部
4541,日医工,東証１部
4543,テルモ,東証１部
4544,ＨＵＧＨＤ,東証１部
4547,キッセイ薬,東証１部
4548,生化学,東証１部
4549,栄研化,東証１部
4550,日水薬,東証１部
4552,ＪＣＲファマ,東証１部
4553,東和薬品,東証１部
4554,富士製薬,東証１部
4555,沢井製薬,東証１部
4556,カイノス,ＪＡＳＤＡＱ
4558,中京医薬,ＪＡＳＤＡＱ
4559,ゼリア新薬,東証１部
4563,アンジェス,マザーズ
4564,ＯＴＳ,マザーズ
4565,そーせい,マザーズ
4568,第一三共,東証１部
4569,キョーリンＨ,東証１部
4570,免疫生物研究,ＪＡＳＤＡＱ
4571,ナノキャリア,マザーズ
4572,カルナバイオ,ＪＡＳＤＡＱ
4574,大幸薬品,東証１部
4575,キャンバス,マザーズ
4576,ＤＷＴＩ,ＪＡＳＤＡＱ
4577,ダイト,東証１部
4578,大塚ＨＤ,東証１部
4579,ラクオリア薬,ＪＡＳＤＡＱ
4581,大正薬ＨＤ,東証１部
4582,シンバイオ薬,ＪＡＳＤＡＱ
4583,カイオム,マザーズ
4584,ＧＴＳ,マザーズ
4586,メドレックス,マザーズ
4587,ペプチドリム,東証１部
4588,オンコリスＢ,マザーズ
4591,リボミック,マザーズ
4592,サンバイオ,マザーズ
4593,ヘリオス,マザーズ
4594,ブライトパス,マザーズ
4595,ミズホメディ,東証２部
4596,窪田製薬,マザーズ
4597,ソレイジア,マザーズ
4598,ＤｅｌｔａＦ,マザーズ
4599,ステムリム,マザーズ
4611,大日塗,東証１部
4612,日ペイントＨ,東証１部
4613,関西ペ,東証１部
4615,神東塗,東証１部
4616,川上塗,東証２部
4617,中国塗,東証１部
4619,日特塗,東証１部
4620,藤倉化,東証１部
4621,ロックペイン,東証２部
4623,アサヒペ,東証２部
4624,イサム塗,東証２部
4625,アトミクス,ＪＡＳＤＡＱ
4627,ナトコ,ＪＡＳＤＡＱ
4628,エスケー化研,ＪＡＳＤＡＱ
4629,大伸化学,ＪＡＳＤＡＱ
4631,ＤＩＣ,東証１部
4633,サカタインク,東証１部
4634,洋インキＨＤ,東証１部
4635,東インキ,東証２部
4636,Ｔ＆Ｋ,東証１部
4640,アンドール,ＪＡＳＤＡＱ
4641,アルプス技,東証１部
4642,オリジナル設,東証２部
4644,イマジニア,ＪＡＳＤＡＱ
4645,市進ＨＤ,ＪＡＳＤＡＱ
4649,大成,名証
4650,ＳＤエンター,ＪＡＳＤＡＱ
4651,サニックス,東証１部
4653,ダイオーズ,東証１部
4657,環境管理,ＪＡＳＤＡＱ
4658,日本空調,東証１部
4659,エイジス,ＪＡＳＤＡＱ
4661,ＯＬＣ,東証１部
4662,フォーカス,東証１部
4664,ＲＳＣ,ＪＡＳＤＡＱ
4665,ダスキン,東証１部
4666,パーク２４,東証１部
4667,アイサンテク,ＪＡＳＤＡＱ
4668,明光ネット,東証１部
4669,ニッパンＲ,ＪＡＳＤＡＱ
4671,ファルコＨＤ,東証１部
4673,川崎地質,ＪＡＳＤＡＱ
4674,クレスコ,東証１部
4676,フジＨＤ,東証１部
4678,秀英,東証１部
4679,田谷,東証１部
4680,ラウンドワン,東証１部
4681,リゾートトラ,東証１部
4684,オービック,東証１部
4685,菱友システム,ＪＡＳＤＡＱ
4686,ジャスト,東証１部
4687,ＴＤＣソフト,東証１部
4689,ＺＨＤ,東証１部
4690,日パレット,ＪＡＳＤＡＱ
4691,ワシントンＨ,東証２部
4694,ＢＭＬ,東証１部
4696,ワタベ,東証１部
4699,ウチダエスコ,ＪＡＳＤＡＱ
4704,トレンド,東証１部
4705,クリップ,ＪＡＳＤＡＱ
4707,キタック,ＪＡＳＤＡＱ
4709,ＩＤＨＤ,東証１部
4712,ＫｅｙＨ,ＪＡＳＤＡＱ
4714,リソー教育,東証１部
4716,日本オラクル,東証１部
4718,早稲アカ,東証１部
4719,アルファシス,東証１部
4720,城南進研,ＪＡＳＤＡＱ
4722,フューチャー,東証１部
4725,ＣＡＣＨ,東証１部
4726,ＳＢテクノ,東証１部
4728,トーセ,東証１部
4732,ＵＳＳ,東証１部
4733,ＯＢＣ,東証１部
4734,ビーイング,ＪＡＳＤＡＱ
4735,京進,東証２部
4736,日本ラッド,ＪＡＳＤＡＱ
4739,ＣＴＣ,東証１部
4743,ＩＴＦＯＲ,東証１部
4745,東京個別,東証１部
4746,東計電算,東証１部
4748,構造計画,ＪＡＳＤＡＱ
4750,ダイサン,東証２部
4751,サイバー,東証１部
4752,昭和シス,ＪＡＳＤＡＱ
4754,トスネット,ＪＡＳＤＡＱ
4755,楽天,東証１部
4760,アルファ,ＪＡＳＤＡＱ
4761,さくらＫＣＳ,東証２部
4762,ＸＮＥＴ,東証１部
4763,Ｃ＆Ｒ社,東証１部
4764,ＮｅｘｕｓＢ,ＪＡＳＤＡＱ
4765,Ｍスター,東証１部
4766,ピーエイ,東証２部
4767,ＴＯＷ,東証１部
4768,大塚商会,東証１部
4769,インフォクリ,ＪＡＳＤＡＱ
4770,エルミック,東証２部
4771,Ｆ＆Ｍ,ＪＡＳＤＡＱ
4772,ストリームＭ,ＪＡＳＤＡＱ
4776,ＣＹＢＯＺＵ,東証１部
4777,ガーラ,ＪＡＳＤＡＱ
4779,ソフトブレン,東証１部
4781,日本ハウズ,東証２部
4783,日ダイナミク,ＪＡＳＤＡＱ
4784,ＧＭＯＡＰ,ＪＡＳＤＡＱ
4792,山田コンサル,東証１部
4800,オリコン,ＪＡＳＤＡＱ
4801,セントラルＳ,東証１部
4809,パラカ,東証１部
4813,ＡＣＣＥＳＳ,東証１部
4814,ネクスウェア,ＪＡＳＤＡＱ
4816,東映アニメ,ＪＡＳＤＡＱ
4819,Ｄガレージ,東証１部
4820,ＥＭシステム,東証１部
4824,メディアＳ,マザーズ
4825,ＷＮＩウェザ,東証１部
4826,ＣＩＪ,東証１部
4827,ＢワンＨＤ,福証
4828,ビジネスＥ,東証１部
4829,日本エンタ,東証１部
4832,ＪＦＥ?ＳＩ,東証２部
4833,サクセスＨ,ＪＡＳＤＡＱ
4834,キャリアＢ,札証
4837,シダックス,ＪＡＳＤＡＱ
4838,Ｓシャワー,ＪＡＳＤＡＱ
4839,ＷＯＷＯＷ,東証１部
4840,トライアイズ,ＪＡＳＤＡＱ
4845,スカラ,東証１部
4847,ＩＷＩ,東証１部
4848,フルキャスＨ,東証１部
4849,エンジャパン,東証１部
4875,メディシノバ,ＪＡＳＤＡＱ
4880,セルソース,マザーズ
4883,モダリス,マザーズ
4901,富士フイルム,東証１部
4902,コニカミノル,東証１部
4911,資生堂,東証１部
4912,ライオン,東証１部
4914,高砂香,東証１部
4917,マンダム,東証１部
4918,アイビー,ＪＡＳＤＡＱ
4919,ミルボン,東証１部
4920,日本色材,ＪＡＳＤＡＱ
4921,ファンケル,東証１部
4922,コーセー,東証１部
4923,コタ,東証１部
4925,ＨＡＢＡ,ＪＡＳＤＡＱ
4926,シーボン,東証１部
4927,ポーラオルＨ,東証１部
4928,ノエビアＨＤ,東証１部
4929,アジュバン,東証１部
4930,グラフィコ,ＪＡＳＤＡＱ
4931,新日本製薬,東証１部
4933,Ｉｎｅ,マザーズ
4934,Ｐアンチエイ,マザーズ
4935,リベルタ,ＪＡＳＤＡＱ
4951,エステー,東証１部
4952,ＳＤＳバイオ,東証２部
4956,コニシ,東証１部
4957,ヤスハラ,東証２部
4958,長谷川香,東証１部
4960,ケミプロ,東証２部
4962,互応化学,東証２部
4963,星光ＰＭＣ,東証１部
4966,上村工,東証２部
4967,小林製薬,東証１部
4968,荒川化学,東証１部
4970,東洋合成,ＪＡＳＤＡＱ
4971,メック,東証１部
4972,綜研化学,ＪＡＳＤＡＱ
4973,高純度化,東証１部
4974,タカラＢＩＯ,東証１部
4975,ＪＣＵ,東証１部
4976,ドライルーブ,ＪＡＳＤＡＱ
4977,新田ゼラチン,東証１部
4978,リプロセル,ＪＡＳＤＡＱ
4979,ＯＡＴアグリ,東証１部
4980,デクセリアル,東証１部
4985,アース製薬,東証１部
4987,寺岡製,東証２部
4990,昭和化,東証２部
4992,北興化,東証１部
4994,大成ラミック,東証１部
4995,サンケイ化,福証
4996,クミアイ,東証１部
4997,日農薬,東証１部
4998,フマキラ,東証２部
4999,セメダイン,東証２部
5008,東亜石,東証２部
5009,富士興,東証１部
5010,日精蝋,東証２部
5011,ニチレキ,東証１部
5013,ユシロ化,東証１部
5015,ＢＰカストロ,東証１部
5017,富士石油,東証１部
5018,ＭＯＲＥＳＣ,東証１部
5019,出光興産,東証１部
5020,ＥＮＥＯＳ,東証１部
5021,コスモエネＨ,東証１部
5070,ドラフト,マザーズ
5071,ヴィス,マザーズ
5101,浜ゴム,東証１部
5103,昭和ＨＤ,東証２部
5104,日東化工,東証２部
5105,ＴＯＹＯ,東証１部
5108,ブリヂス,東証１部
5110,住友ゴム,東証１部
5122,オカモト,東証１部
5142,アキレス,東証１部
5161,西川ゴム,東証２部
5162,朝日ラバー,ＪＡＳＤＡＱ
5184,ニチリン,東証２部
5185,フコク,東証１部
5186,ニッタ,東証１部
5187,クリエート,東証１部
5189,桜ゴム,東証２部
5191,住友理工,東証１部
5192,三星ベ,東証１部
5194,相模ゴム,東証２部
5195,バンド化,東証１部
5199,不二ラテ,ＪＡＳＤＡＱ
5201,ＡＧＣ,東証１部
5202,板硝子,東証１部
5204,石塚硝,東証１部
5208,有沢製,東証１部
5210,日山村硝,東証１部
5212,不二硝,ＪＡＳＤＡＱ
5214,日電硝子,東証１部
5216,倉元,ＪＡＳＤＡＱ
5217,テクノクオツ,ＪＡＳＤＡＱ
5218,オハラ,東証１部
5232,住友大阪,東証１部
5233,太平洋セメ,東証１部
5237,ノザワ,東証２部
5261,リソル,東証１部
5262,日ヒュム,東証１部
5268,旭コン,東証２部
5269,日コンクリ,東証１部
5271,トーヨアサノ,東証２部
5273,三谷セキ,東証１部
5277,スパンクリト,ＪＡＳＤＡＱ
5279,日本興業,ＪＡＳＤＡＱ
5280,ヨシコン,ＪＡＳＤＡＱ
5282,ジオスター,東証２部
5283,高見沢,ＪＡＳＤＡＱ
5284,ヤマウ,ＪＡＳＤＡＱ
5285,ヤマックス,ＪＡＳＤＡＱ
5287,イトーヨギョ,東証２部
5288,アジアパイル,東証１部
5290,ベルテクス,東証２部
5301,東海カ,東証１部
5302,カーボン,東証１部
5304,ＳＥＣカボン,東証２部
5310,東洋炭素,東証１部
5331,ノリタケ,東証１部
5332,ＴＯＴＯ,東証１部
5334,特殊陶,東証１部
5337,ダントーＨＤ,東証１部
5341,アサヒ陶,東証２部
5342,ジャニス,名証
5343,ニッコー,名証
5344,ＭＡＲＵＷＡ,東証１部
5351,品川リフラ,東証１部
5352,黒崎播磨,東証１部
5355,ルツボ,東証２部
5356,美濃窯,名証
5357,ヨータイ,東証１部
5358,イソライト,東証１部
5363,ＴＹＫ,東証１部
5367,ニッカトー,東証１部
5368,日インシュレ,東証２部
5380,新東,ＪＡＳＤＡＱ
5381,Ｍｉｐｏｘ,ＪＡＳＤＡＱ
5384,ＦＵＪＩＭＩ,東証１部
5386,鶴弥,東証２部
5387,チヨダウーテ,ＪＡＳＤＡＱ
5388,クニミネ,東証１部
5391,Ａ＆Ａマテ,東証１部
5393,ニチアス,東証１部
5395,コランダム,東証２部
5401,日本製鉄,東証１部
5406,神戸鋼,東証１部
5408,中山鋼,東証１部
5410,合同鉄,東証１部
5411,ＪＦＥ,東証１部
5423,東製鉄,東証１部
5440,共英製鋼,東証１部
5444,大和工,東証１部
5445,東鉄鋼,東証１部
5446,北越メタル,東証２部
5449,大製鉄,東証１部
5451,淀川鋼,東証１部
5458,高砂鉄,東証２部
5461,中部鋼鈑,名証
5463,丸一管,東証１部
5464,モリ工,東証１部
5471,大同特鋼,東証１部
5476,高周波,東証１部
5480,冶金工,東証１部
5481,山陽特鋼,東証１部
5482,愛知鋼,東証１部
5484,東北鋼,ＪＡＳＤＡＱ
5486,日立金,東証１部
5491,日金属,東証１部
5541,大平金,東証１部
5563,新日本電工,東証１部
5602,栗本鉄,東証１部
5603,虹技,東証１部
5607,中可鍛,名証
5609,日鋳造,東証２部
5610,大和重,東証２部
5612,鋳鉄管,東証１部
5614,川金ＨＤ,東証２部
5631,日製鋼,東証１部
5632,菱製鋼,東証１部
5644,メタルアート,東証２部
5658,日亜鋼,東証１部
5659,日精線,東証１部
5660,神鋼線,東証２部
5690,リバーＨＤ,東証２部
5695,パウダテック,ＪＡＳＤＡＱ
5697,サンユウ,東証２部
5698,エンビプロＨ,東証１部
5699,イボキン,ＪＡＳＤＡＱ
5702,大紀ア,東証１部
5703,日軽金ＨＤ,東証１部
5704,ＪＭＣ,マザーズ
5706,三井金,東証１部
5707,東邦鉛,東証１部
5711,三菱マ,東証１部
5713,住友鉱,東証１部
5714,ＤＯＷＡ,東証１部
5715,古河機金,東証１部
5721,Ｓサイエンス,東証１部
5724,アサカ理研,ＪＡＳＤＡＱ
5726,大阪チタ,東証１部
5727,邦チタ,東証１部
5729,日精鉱,東証２部
5741,ＵＡＣＪ,東証１部
5742,ＮＩＣ,ＪＡＳＤＡＱ
5753,日伸銅,東証２部
5757,ＣＫサンエツ,東証１部
5781,東邦金,東証２部
5801,古河電工,東証１部
5802,住友電工,東証１部
5803,フジクラ,東証１部
5805,昭電線ＨＤ,東証１部
5807,東特線,東証１部
5809,タツタ線,東証１部
5816,オーナンバ,東証２部
5817,ＪＭＡＣＳ,東証２部
5819,カナレ電気,東証１部
5820,三ッ星,ＪＡＳＤＡＱ
5821,平河ヒューテ,東証１部
5852,アーレスティ,東証１部
5856,ＬＩＥＨ,東証２部
5857,アサヒＨＤ,東証１部
5900,ダイケン,ＪＡＳＤＡＱ
5901,洋缶ＨＤ,東証１部
5902,ホッカンＨＤ,東証１部
5903,ＳＨＩＮＰＯ,ＪＡＳＤＡＱ
5905,日カン,東証２部
5906,エムケー精工,ＪＡＳＤＡＱ
5907,ＪＦＥコンテ,東証２部
5909,コロナ,東証１部
5911,横河ブＨＤ,東証１部
5912,ＯＳＪＢＨＤ,東証１部
5915,駒井ハルテク,東証１部
5918,滝上工,東証２部
5921,川岸工,東証２部
5922,那須鉄,東証２部
5923,高田機工,東証１部
5928,アルメタック,東証２部
5929,三和ＨＤ,東証１部
5930,文化シヤタ,東証１部
5932,三協立山,東証１部
5933,アルインコ,東証１部
5935,元旦,ＪＡＳＤＡＱ
5936,洋シヤター,東証１部
5938,ＬＩＸＩＬ,東証１部
5939,大谷工業,ＪＡＳＤＡＱ
5940,不二サッシ,東証２部
5941,中西製,東証２部
5942,フイルコン,東証１部
5943,ノーリツ,東証１部
5945,天龍製鋸,ＪＡＳＤＡＱ
5946,長府製,東証１部
5947,リンナイ,東証１部
5949,ユニプレス,東証１部
5950,パワファス,東証２部
5951,ダイニチ工,東証１部
5952,アマテイ,東証２部
5953,昭和鉄工,福証
5955,ヤマシナ,東証２部
5956,トーソー,東証２部
5957,日東精,東証１部
5958,三洋工,東証１部
5959,岡部,東証１部
5962,浅香工,東証２部
5964,洋刃物,東証２部
5965,フジマック,東証２部
5966,ＫＴＣ,東証２部
5967,ＴＯＮＥ,東証２部
5970,ジーテクト,東証１部
5971,共和工業,ＪＡＳＤＡＱ
5973,トーアミ,東証２部
5974,中国工,東証２部
5975,東プレ,東証１部
5976,ネツレン,東証１部
5979,カネソウ,名証
5981,東京綱,東証１部
5982,マルゼン,東証２部
5983,イワブチ,ＪＡＳＤＡＱ
5984,兼房,東証２部
5985,サンコール,東証１部
5986,モリテック,東証１部
5987,オーネックス,ＪＡＳＤＡＱ
5988,パイオラクス,東証１部
5989,エイチワン,東証１部
5990,スパツール,ＪＡＳＤＡＱ
5991,ニッパツ,東証１部
5992,中央発條,東証１部
5993,知多鋼,名証
5994,ファインシン,東証２部
5997,協立エアテク,ＪＡＳＤＡＱ
5998,アドバネクス,東証１部
5999,イハラサイエ,ＪＡＳＤＡＱ
6005,三浦工,東証１部
6013,タクマ,東証１部
6016,Ｊエンジン,東証２部
6018,阪神内,東証２部
6022,赤阪鉄,東証２部
6023,ダイハツディ,東証２部
6025,ＰＣサービス,名証
6026,ＧＭＯテック,マザーズ
6027,弁護士コム,マザーズ
6028,テクノプロＨ,東証１部
6029,アトラ,東証１部
6030,アドベンチャ,マザーズ
6031,サイジニア,マザーズ
6032,インタワクス,東証１部
6033,エクストリム,マザーズ
6034,ＭＲＴ,マザーズ
6035,ＩＲＪＨＤ,東証１部
6036,ＫｅｅＰｅｒ,東証１部
6037,Ｆロジック,東証１部
6038,イード,マザーズ
6039,動物高度医療,マザーズ
6040,日本スキー,マザーズ
6042,ニッキ,東証２部
6044,三機サービス,東証１部
6045,レントラック,マザーズ
6047,Ｇｕｎｏｓｙ,東証１部
6048,デザインワン,東証１部
6049,イトクロ,マザーズ
6050,Ｅガディアン,東証１部
6054,リブセンス,東証１部
6055,Ｊマテリアル,東証１部
6058,ベクトル,東証１部
6059,ウチヤマＨＤ,東証１部
6060,こころネット,ＪＡＳＤＡＱ
6061,ユニバ園芸,ＪＡＳＤＡＱ
6062,チャームケア,東証１部
6063,ＥＡＪ,ＪＡＳＤＡＱ
6064,アクトコール,マザーズ
6067,インパクト,マザーズ
6069,トレンダーズ,マザーズ
6070,キャリアＬ,東証１部
6071,ＩＢＪ,東証１部
6072,地盤ネットＨ,マザーズ
6073,アサンテ,東証１部
6074,ＪＳＳ,ＪＡＳＤＡＱ
6076,アメイズ,福証
6077,Ｎフィールド,東証１部
6078,バリューＨＲ,東証１部
6080,Ｍ＆Ａキャピ,東証１部
6081,アライドアキ,マザーズ
6082,ライドオンＨ,東証１部
6083,ＥＲＩＨＤ,東証１部
6085,アーキテクツ,マザーズ
6086,シンメンテＨ,マザーズ
6087,アビスト,東証１部
6088,シグマクシス,東証１部
6089,ウィルＧ,東証１部
6090,ＨＭＴ,マザーズ
6091,ウエスコＨＤ,東証２部
6092,エンバイオＨ,マザーズ
6093,エスクロＡＪ,東証１部
6094,フリクアウＨ,マザーズ
6095,メドピア,東証１部
6096,レアジョブ,東証１部
6098,リクルートＨ,東証１部
6099,エラン,東証１部
6101,ツガミ,東証１部
6103,オークマ,東証１部
6104,芝浦機械,東証１部
6111,旭精機,名証
6113,アマダ,東証１部
6118,アイダ,東証１部
6121,滝沢鉄,東証１部
6125,岡本工,東証２部
6134,ＦＵＪＩ,東証１部
6135,牧野フ,東証１部
6136,ＯＳＧ,東証１部
6137,小池酸,東証２部
6138,ダイジヱット,東証１部
6140,旭ダイヤ,東証１部
6141,ＤＭＧ森精機,東証１部
6142,富士精工,名証
6143,ソディック,東証１部
6144,西部電機,東証２部
6145,ＮＩＴＴＯＫ,ＪＡＳＤＡＱ
6146,ディスコ,東証１部
6147,ヤマザキ,ＪＡＳＤＡＱ
6149,小田原エン,ＪＡＳＤＡＱ
6150,タケダ機械,ＪＡＳＤＡＱ
6151,日東工器,東証１部
6155,高松機械,東証２部
6156,エーワン,ＪＡＳＤＡＱ
6157,日進工具,東証１部
6158,和井田,ＪＡＳＤＡＱ
6159,ミクロン精密,ＪＡＳＤＡＱ
6161,エスティック,東証２部
6164,太陽工機,ＪＡＳＤＡＱ
6165,パンチ,東証１部
6166,中村超硬,マザーズ
6167,冨士ダイス,東証１部
6171,土木管理,東証１部
6172,メタップス,マザーズ
6173,アクアライン,マザーズ
6175,ネットマーケ,東証１部
6176,ブランジスタ,マザーズ
6177,ＡｐｐＢ,マザーズ
6178,日本郵政,東証１部
6180,ＧＭＯメディ,マザーズ
6181,タメニー,マザーズ
6182,ロゼッタ,マザーズ
6183,ベル２４ＨＤ,東証１部
6184,鎌倉新書,東証１部
6185,ＳＭＮ,東証１部
6186,一蔵,東証１部
6187,ＬＩＴＡＬＩ,東証１部
6188,富士ソフＳＢ,東証２部
6189,グローバルＫ,東証１部
6190,ＰＸＢ,マザーズ
6191,エアトリ,東証１部
6192,ハイアス＆Ｃ,東証１部
6193,バーチャレク,マザーズ
6194,アトラエ,東証１部
6195,ホープ,マザーズ
6197,ソラスト,東証１部
6198,キャリア,マザーズ
6199,セラク,東証１部
6200,インソース,東証１部
6201,豊田織,東証１部
6203,豊和工,東証１部
6205,ＯＫＫ,東証１部
6208,石川製,東証１部
6210,東洋機械,東証１部
6217,津田駒,東証１部
6218,エンシュウ,東証１部
6222,島精機,東証１部
6229,オーケーエム,東証２部
6231,木村工機,東証２部
6232,ＡＣＳＬ,マザーズ
6233,極東産機,ＪＡＳＤＡＱ
6235,オプトラン,東証１部
6236,ＮＣＨＤ,東証１部
6237,イワキポンプ,東証１部
6238,フリュー,東証１部
6239,ナガオカ,ＪＡＳＤＡＱ
6240,ヤマシンＦ,東証１部
6245,ヒラノテク,東証２部
6246,テクノスマト,東証２部
6247,日阪製,東証１部
6248,横田製作所,ＪＡＳＤＡＱ
6249,ＧＣジョイコ,ＪＡＳＤＡＱ
6250,やまびこ,東証１部
6254,野村マイクロ,東証２部
6255,エヌピーシー,マザーズ
6257,藤商事,ＪＡＳＤＡＱ
6258,平田機工,東証１部
6262,ペガサス,東証１部
6264,マルマエ,東証１部
6265,妙徳,ＪＡＳＤＡＱ
6266,タツモ,東証１部
6267,ゼネパッカー,ＪＡＳＤＡＱ
6268,ナブテスコ,東証１部
6269,三井海洋,東証１部
6271,ニッセイ,東証２部
6272,レオン自機,東証１部
6273,ＳＭＣ,東証１部
6276,ナビタス,ＪＡＳＤＡＱ
6277,ホソミクロン,東証１部
6278,ユニオンツル,東証１部
6279,瑞光,東証２部
6281,前田製作,ＪＡＳＤＡＱ
6282,オイレス工,東証１部
6284,ＡＳＢ機械,東証１部
6287,サトーＨＤ,東証１部
6289,技研製,東証１部
6291,エアーテック,東証１部
6292,カワタ,東証１部
6293,日精樹脂,東証１部
6294,オカダアイヨ,東証１部
6295,富士変速機,名証
6297,鉱研工業,ＪＡＳＤＡＱ
6298,ＹＡＣＨＤ,東証１部
6299,神鋼環境,東証２部
6301,コマツ,東証１部
6302,住友重,東証１部
6303,ササクラ,東証２部
6305,日立建機,東証１部
6306,日工,東証１部
6307,サンセイ,東証２部
6309,巴工業,東証１部
6310,井関農,東証１部
6312,フロイント,ＪＡＳＤＡＱ
6315,ＴＯＷＡ,東証１部
6316,丸山製,東証１部
6317,北川鉄,東証１部
6319,シンニッタン,東証１部
6322,タクミナ,東証２部
6323,ローツェ,東証１部
6324,ハーモニク,ＪＡＳＤＡＱ
6325,タカキタ,東証１部
6326,クボタ,東証１部
6327,北川精機,ＪＡＳＤＡＱ
6328,荏原実業,東証１部
6330,洋エンジ,東証１部
6331,化工機,東証１部
6332,月島機,東証１部
6333,帝国電機,東証１部
6334,明治機,東証２部
6335,東京機,東証１部
6336,石井表記,東証２部
6337,テセック,ＪＡＳＤＡＱ
6338,タカトリ,東証２部
6339,新東工,東証１部
6340,渋谷工,東証１部
6342,太平製,東証２部
6343,フリジアマク,東証２部
6345,アイチ,東証１部
6346,キクカワ,東証２部
6347,プラコー,ＪＡＳＤＡＱ
6349,小森,東証１部
6351,鶴見製,東証１部
6355,住精密,東証１部
6357,三精テクノ,東証２部
6358,酒井重,東証１部
6360,東自機,東証２部
6361,荏原,東証１部
6362,石井鉄,東証１部
6363,酉島製,東証１部
6364,北越工,東証１部
6365,電業社,東証２部
6366,千代化建,東証２部
6367,ダイキン,東証１部
6368,オルガノ,東証１部
6369,トヨカネツ,東証１部
6370,栗田工,東証１部
6371,椿本チエ,東証１部
6373,大同工,東証１部
6376,日機装,東証１部
6378,木村化,東証１部
6379,レイズＮ,東証１部
6380,オリチエ,東証２部
6381,アネスト岩田,東証１部
6382,トリニ工,東証２部
6383,ダイフク,東証１部
6384,昭和真空,ＪＡＳＤＡＱ
6387,サムコ,東証１部
6390,加藤製,東証１部
6391,加地テク,東証２部
6392,ヤマダコーポ,東証２部
6393,油研工,東証１部
6395,タダノ,東証１部
6396,宇野鉄,東証２部
6400,不二精機,ＪＡＳＤＡＱ
6402,兼松エンジ,東証２部
6403,水道機,ＪＡＳＤＡＱ
6405,鈴茂器工,ＪＡＳＤＡＱ
6406,フジテック,東証１部
6407,ＣＫＤ,東証１部
6408,小倉クラ,ＪＡＳＤＡＱ
6409,キトー,東証１部
6411,中野冷機,ＪＡＳＤＡＱ
6412,平和,東証１部
6413,理想科学,東証１部
6414,川重冷熱,ＪＡＳＤＡＱ
6416,桂川電機,ＪＡＳＤＡＱ
6417,ＳＡＮＫＹＯ,東証１部
6418,日金銭,東証１部
6419,マースＧＨＤ,東証１部
6420,フクシマＧ,東証１部
6424,高見サイ,ＪＡＳＤＡＱ
6425,ユニバーサル,ＪＡＳＤＡＱ
6430,ダイコク電,東証１部
6432,竹内製作,東証１部
6433,ヒーハイスト,ＪＡＳＤＡＱ
6436,アマノ,東証１部
6439,中日鋳,名証
6440,ＪＵＫＩ,東証１部
6444,サンデンＨＤ,東証１部
6445,蛇の目,東証１部
6448,ブラザー,東証１部
6454,マックス,東証１部
6455,モリタＨＤ,東証１部
6457,グローリー,東証１部
6458,新晃工,東証１部
6459,大和冷機,東証１部
6460,セガサミーＨ,東証１部
6461,日ピス,東証１部
6462,リケン,東証１部
6463,ＴＰＲ,東証１部
6464,ツバキナカ,東証１部
6465,ホシザキ,東証１部
6466,ＴＶＥ,東証２部
6467,ニチダイ,ＪＡＳＤＡＱ
6469,放電精密,ＪＡＳＤＡＱ
6470,大豊工業,東証１部
6471,日精工,東証１部
6472,ＮＴＮ,東証１部
6473,ジェイテクト,東証１部
6474,不二越,東証１部
6479,ミネベアＭ,東証１部
6480,トムソン,東証１部
6481,ＴＨＫ,東証１部
6482,ユーシン精機,東証１部
6484,ＫＶＫ,ＪＡＳＤＡＱ
6485,前沢給装,東証１部
6486,イーグル,東証１部
6488,ヨシタケ,ＪＡＳＤＡＱ
6489,前沢工,東証１部
6490,日ピラ工,東証１部
6492,岡野バル,東証２部
6493,日鍛バル,東証２部
6494,ＮＦＫＨＤ,ＪＡＳＤＡＱ
6495,宮入バル,東証２部
6496,中北製,東証２部
6497,ハマイ,ＪＡＳＤＡＱ
6498,キッツ,東証１部
6501,日立,東証１部
6502,東芝,東証２部
6503,三菱電,東証１部
6504,富士電機,東証１部
6506,安川電,東証１部
6507,シンフォニア,東証１部
6508,明電舎,東証１部
6513,オリジン,東証１部
6516,山洋電,東証１部
6517,デンヨー,東証１部
6518,三相電機,ＪＡＳＤＡＱ
6531,リファインＶ,マザーズ
6532,ベイカレント,東証１部
6533,オーケストラ,東証１部
6535,アイモバイル,東証１部
6537,ＷＡＳＨハウ,マザーズ
6538,キャリアイン,東証１部
6539,ＭＳＪＰ,東証１部
6540,船場,東証１部
6541,グレイス,東証１部
6542,ＦＣＨＤ,ＪＡＳＤＡＱ
6543,日宣,ＪＡＳＤＡＱ
6544,ＪＥＳＨＤ,東証１部
6545,ＩＩＦ,マザーズ
6546,フルテック,東証１部
6547,グリーンズ,東証１部
6548,旅工房,マザーズ
6549,ＤＭソリュ,ＪＡＳＤＡＱ
6550,Ｆｒｉｎｇｅ,マザーズ
6551,ツナグＧＨＤ,東証１部
6552,ＧａｍｅＷ,東証１部
6553,ソウルドＯ,東証１部
6554,ＳＵＳ,マザーズ
6555,ＭＳコンサル,東証１部
6556,ウェルビー,マザーズ
6557,ｇｂＨＤ,マザーズ
6558,クックビズ,マザーズ
6560,ＬＴＳ,東証１部
6561,ＨＡＮＡＴＪ,マザーズ
6562,ジーニー,マザーズ
6563,みらいワクス,マザーズ
6564,ミダック,東証１部
6565,ＡＢホテル,ＪＡＳＤＡＱ
6566,要興業,東証２部
6567,ＳＥＲＩＯＨ,マザーズ
6568,神戸天然化学,マザーズ
6569,日総工産,東証１部
6570,共和コーポ,東証２部
6571,ＱＢネットＨ,東証１部
6572,ＲＰＡＨ,東証１部
6573,アジャイルＭ,マザーズ
6574,コンヴァノ,マザーズ
6575,ＨＵＭＡＮＡ,マザーズ
6578,エヌリンクス,東証２部
6579,ログリー,マザーズ
6580,ライトアップ,マザーズ
6584,三桜工,東証１部
6586,マキタ,東証１部
6588,東芝テック,東証１部
6590,芝浦,東証１部
6592,マブチ,東証１部
6594,日電産,東証１部
6597,ＨＰＣシス,マザーズ
6599,エブレン,ＪＡＳＤＡＱ
6612,バルミューダ,マザーズ
6615,ＵＭＣエレ,東証１部
6616,トレックスＳ,東証１部
6617,東光高岳,東証１部
6618,大泉製,マザーズ
6619,Ｗスコープ,東証１部
6620,宮越ＨＤ,東証１部
6622,ダイヘン,東証１部
6623,愛知電,名証
6625,ＪＡＬＣＯＨ,ＪＡＳＤＡＱ
6626,ＳＥＭＩＴＥ,ＪＡＳＤＡＱ
6627,テラプロ,マザーズ
6628,オンキヨＨＥ,ＪＡＳＤＡＱ
6629,Ｔホライゾン,ＪＡＳＤＡＱ
6630,ヤーマン,東証１部
6632,ＪＶＣＫＷ,東証１部
6633,Ｃ＆ＧＳＹＳ,東証２部
6634,ネクスＧ,ＪＡＳＤＡＱ
6635,大日光,ＪＡＳＤＡＱ
6637,寺崎電気,ＪＡＳＤＡＱ
6638,ミマキエンジ,東証１部
6639,コンテック,東証２部
6640,ＩＰＥＸ,東証１部
6641,日新電,東証１部
6643,戸上電,東証２部
6644,大崎電,東証１部
6645,オムロン,東証１部
6647,森尾電,東証２部
6648,かわでん,ＪＡＳＤＡＱ
6651,日東工,東証１部
6652,ＩＤＥＣ,東証１部
6653,正興電機,東証１部
6654,不二電機,東証１部
6655,東洋電機,名証
6656,インスペック,東証２部
6658,シライ電子,ＪＡＳＤＡＱ
6659,Ｍリンクス,ＪＡＳＤＡＱ
6662,ユビテック,ＪＡＳＤＡＱ
6664,オプトエレク,ＪＡＳＤＡＱ
6666,リバエレテク,ＪＡＳＤＡＱ
6668,プラズマ,東証２部
6670,ＭＣＪ,東証２部
6674,ＧＳユアサ,東証１部
6675,サクサ,東証１部
6676,メルコ,東証１部
6677,ＳＫエレク,ＪＡＳＤＡＱ
6678,テクノメディ,東証１部
6694,ズーム,ＪＡＳＤＡＱ
6696,ピースリー,マザーズ
6698,ＶｉＳＣＯＴ,東証２部
6699,ダイヤＨＤ,東証１部
6701,ＮＥＣ,東証１部
6702,富士通,東証１部
6703,ＯＫＩ,東証１部
6704,岩崎通,東証１部
6706,電気興,東証１部
6707,サンケン,東証１部
6709,明星電,東証２部
6715,ナカヨ,東証１部
6718,アイホン,東証１部
6721,ウインテスト,東証２部
6722,Ａ＆Ｔ,ＪＡＳＤＡＱ
6723,ルネサス,東証１部
6724,エプソン,東証１部
6727,ワコム,東証１部
6728,アルバック,東証１部
6730,アクセル,東証１部
6731,ピクセラ,東証２部
6734,ニューテック,ＪＡＳＤＡＱ
6736,サン電子,ＪＡＳＤＡＱ
6737,ＥＩＺＯ,東証１部
6740,ＪＤＩ,東証１部
6741,日信号,東証１部
6742,京三製,東証１部
6743,大同信,東証２部
6744,能美防災,東証１部
6745,ホーチキ,東証１部
6748,星和電,東証１部
6750,エレコム,東証１部
6752,パナソニック,東証１部
6753,シャープ,東証１部
6754,アンリツ,東証１部
6755,富士通ゼ,東証１部
6757,ＯＳＧコーポ,ＪＡＳＤＡＱ
6758,ソニー,東証１部
6762,ＴＤＫ,東証１部
6763,帝通工,東証１部
6769,ザイン,ＪＡＳＤＡＱ
6770,アルプスＡ,東証１部
6771,池上通,東証１部
6772,コスモス,東証２部
6775,ＴＢグループ,東証２部
6776,天昇電,東証２部
6777,ｓａｎｔｅｃ,ＪＡＳＤＡＱ
6778,アルチザ,東証２部
6779,日電波,東証１部
6785,鈴木,東証１部
6786,ＲＶＨ,東証２部
6787,メイコー,ＪＡＳＤＡＱ
6788,日本トリム,東証１部
6789,ローランドＤ,東証１部
6794,フォスタ,東証１部
6797,名古屋電,名証
6798,ＳＭＫ,東証１部
6800,ヨコオ,東証１部
6803,ティアック,東証１部
6804,ホシデン,東証１部
6806,ヒロセ電,東証１部
6807,航空電子,東証１部
6809,ＴＯＡ,東証１部
6810,マクセルＨＤ,東証１部
6814,古野電,東証１部
6815,ユニデンＨＤ,東証１部
6817,スミダ,東証１部
6819,伊豆シャボテ,ＪＡＳＤＡＱ
6820,アイコム,東証１部
6822,大井電気,ＪＡＳＤＡＱ
6823,リオン,東証１部
6824,新コスモ,ＪＡＳＤＡＱ
6826,本多通信,東証１部
6832,アオイ電子,東証２部
6834,精工技研,ＪＡＳＤＡＱ
6835,アライドＨＤ,東証２部
6836,プラット,東証２部
6837,京写,ＪＡＳＤＡＱ
6838,多摩川ＨＤ,ＪＡＳＤＡＱ
6839,船井電機,東証１部
6840,ＡＫＩＢＡ,ＪＡＳＤＡＱ
6841,横河電,東証１部
6844,新電元,東証１部
6845,アズビル,東証１部
6846,中央製,名証
6848,東亜ＤＫＫ,東証１部
6849,日本光電,東証１部
6850,チノー,東証１部
6852,テクノセブン,ＪＡＳＤＡＱ
6855,電子材料,東証１部
6856,堀場製,東証１部
6857,アドバンテス,東証１部
6858,小野測器,東証１部
6859,エスペック,東証１部
6861,キーエンス,東証１部
6862,ミナトＨＤ,ＪＡＳＤＡＱ
6863,ニレコ,ＪＡＳＤＡＱ
6864,エヌエフＨＤ,ＪＡＳＤＡＱ
6866,ＨＩＯＫＩ,東証１部
6867,リーダ電子,ＪＡＳＤＡＱ
6869,シスメックス,東証１部
6870,フェンオール,東証２部
6871,マイクロニ,東証１部
6874,協立電機,ＪＡＳＤＡＱ
6875,メガチップス,東証１部
6877,ＯＢＡＲＡＧ,東証１部
6879,ＩＭＡＧＩＣ,東証１部
6881,キョウデン,東証２部
6882,三社電機,東証２部
6888,アクモス,ＪＡＳＤＡＱ
6890,フェローテク,ＪＡＳＤＡＱ
6894,パルステック,東証２部
6897,ツインバド,東証２部
6898,トミタ電機,ＪＡＳＤＡＱ
6899,ＡＳＴＩ,東証２部
6901,沢藤電,東証１部
6902,デンソー,東証１部
6904,原田工業,東証１部
6905,コーセル,東証１部
6907,ジオマテック,ＪＡＳＤＡＱ
6908,イリソ電子,東証１部
6912,菊水電子,ＪＡＳＤＡＱ
6914,オプテクスＧ,東証１部
6915,千代田インテ,東証１部
6916,アイオデタ,東証１部
6918,アバール,ＪＡＳＤＡＱ
6919,ケル,ＪＡＳＤＡＱ
6920,レーザーテク,東証１部
6923,スタンレー,東証１部
6924,岩崎電,東証１部
6925,ウシオ電,東証１部
6926,ＯＫＡＹＡ,東証１部
6927,ヘリオスＨ,東証１部
6928,エノモト,東証１部
6929,日セラミク,東証１部
6930,日本アンテナ,ＪＡＳＤＡＱ
6932,遠藤照,東証１部
6937,古河電池,東証１部
6941,山一電機,東証１部
6942,ソフィアＨＤ,ＪＡＳＤＡＱ
6943,ＮＫＫ,ＪＡＳＤＡＱ
6944,アイレックス,ＪＡＳＤＡＱ
6946,日アビオ,東証２部
6947,図研,東証１部
6951,日電子,東証１部
6952,カシオ,東証１部
6954,ファナック,東証１部
6955,ＦＤＫ,東証２部
6957,芝浦電子,ＪＡＳＤＡＱ
6958,日本ＣＭＫ,東証１部
6960,フクダ電,ＪＡＳＤＡＱ
6961,エンプラス,東証１部
6962,大真空,東証１部
6963,ローム,東証１部
6964,サンコー,東証２部
6965,ホトニクス,東証１部
6966,三井ハイ,東証１部
6967,新光電工,東証１部
6969,松尾電,東証２部
6971,京セラ,東証１部
6973,協栄産,東証１部
6976,太陽誘電,東証１部
6977,抵抗器,東証２部
6981,村田製,東証１部
6982,リード,東証２部
6986,双葉電子,東証１部
6988,日東電,東証１部
6989,北陸電気工,東証１部
6993,大黒屋,東証２部
6994,指月電,東証２部
6995,東海理化,東証１部
6996,ニチコン,東証１部
6997,ケミコン,東証１部
6998,日タング,東証２部
6999,ＫＯＡ,東証１部
7003,三井Ｅ＆ＳＨ,東証１部
7004,日立造,東証１部
7011,菱重工,東証１部
7012,川重,東証１部
7013,ＩＨＩ,東証１部
7014,名村造,東証１部
7018,内海造,東証２部
7021,ニッチツ,東証２部
7022,サノヤスＨＤ,東証１部
7030,スプリックス,東証１部
7031,インバテック,マザーズ
7033,ＭＳＯＬ,東証１部
7035,ａｎｆａｃ,東証１部
7036,ＥＭネットＪ,マザーズ
7037,テノＨＤ,東証１部
7038,フロンティＭ,東証１部
7039,ブリッジ,マザーズ
7040,サンライフＨ,ＪＡＳＤＡＱ
7041,ＣＲＧＨＤ,マザーズ
7042,アクセスＧＨ,ＪＡＳＤＡＱ
7043,アルー,マザーズ
7044,ピアラ,東証１部
7045,ツクイスタフ,ＪＡＳＤＡＱ
7046,ＴＤＳＥ,マザーズ
7047,ポート,マザーズ
7048,ベルトラ,マザーズ
7049,識学,マザーズ
7050,フロンテアＩ,マザーズ
7057,ＮＣＮ,ＪＡＳＤＡＱ
7058,共栄ＳＳ,ＪＡＳＤＡＱ
7059,コプロＨＤ,東証１部
7060,ギークス,東証１部
7061,日本ホスピス,マザーズ
7062,フレアス,マザーズ
7063,エードット,マザーズ
7064,ハウテレビ,マザーズ
7065,ＵＰＲ,東証２部
7066,ピアズ,マザーズ
7067,ブランディ,マザーズ
7068,フィードＦ,マザーズ
7069,サイバーバズ,マザーズ
7070,ＳＩＨＤ,ＪＡＳＤＡＱ
7071,アンビス,ＪＡＳＤＡＱ
7072,インテＭ,マザーズ
7073,ジェイック,マザーズ
7074,２４７,マザーズ
7076,名南Ｍ＆Ａ,名証
7077,ＡＬｉＮＫ,マザーズ
7078,ＩＮＣＬＵＳ,マザーズ
7079,ＷＤＢココ,マザーズ
7080,スポーツＦ,マザーズ
7081,レンティア,ＪＡＳＤＡＱ
7082,ジモティー,マザーズ
7083,ＡＨＣＧ,マザーズ
7084,キッズスマイ,マザーズ
7085,カーブスＨＤ,東証１部
7086,きずなＨＤ,マザーズ
7087,ウイルテック,東証２部
7088,Ｆエンジニア,東証１部
7089,Ｆスタート,マザーズ
7090,リグア,マザーズ
7092,ＦＦＪ,マザーズ
7093,アディッシュ,マザーズ
7094,ＮｅｘＴｏｎ,マザーズ
7095,Ｍａｃｂｅｅ,マザーズ
7097,さくらさく,マザーズ
7102,日車輌,東証１部
7105,三菱ロジスネ,東証１部
7122,近畿車,東証１部
7148,ＦＰＧ,東証１部
7150,島根銀行,東証１部
7157,ライフネット,マザーズ
7161,じもとＨＤ,東証１部
7162,アストマクス,ＪＡＳＤＡＱ
7164,全国保証,東証１部
7167,めぶきＦＧ,東証１部
7169,ＮＦＣＨＤ,ＪＡＳＤＡＱ
7172,ＪＩＡ,東証１部
7173,東京きらぼし,東証１部
7175,今村証券,ＪＡＳＤＡＱ
7177,ＧＭＯＦＨＤ,ＪＡＳＤＡＱ
7180,九州ＦＧ,東証１部
7181,かんぽ生命,東証１部
7182,ゆうちょ銀行,東証１部
7183,あんしん保証,マザーズ
7184,富山第一銀行,東証１部
7185,ヒロセ通商,ＪＡＳＤＡＱ
7186,コンコルディ,東証１部
7187,Ｊリース,東証１部
7189,西日本ＦＨ,東証１部
7190,マーキュリア,東証１部
7191,イントラスト,東証１部
7192,モーゲージＳ,東証１部
7196,Ｃａｓａ,東証１部
7198,アルヒ,東証１部
7199,プレミアＧ,東証１部
7201,日産自,東証１部
7202,いすゞ,東証１部
7203,トヨタ,東証１部
7205,日野自,東証１部
7208,カネミツ,東証２部
7211,三菱自,東証１部
7212,エフテック,東証１部
7213,レシップＨＤ,東証１部
7214,ＧＭＢ,東証１部
7215,ファルテック,東証１部
7217,テイン,ＪＡＳＤＡＱ
7218,田中精密,ＪＡＳＤＡＱ
7219,ＨＫＳ,ＪＡＳＤＡＱ
7220,武蔵精密,東証１部
7224,新明和,東証１部
7226,極東開,東証１部
7227,アスカ,名証
7228,デイトナ,ＪＡＳＤＡＱ
7229,ユタカ技研,ＪＡＳＤＡＱ
7231,トピー工,東証１部
7235,東ラヂエタ,東証２部
7236,ティラド,東証１部
7238,曙ブレキ,東証１部
7239,タチエス,東証１部
7240,ＮＯＫ,東証１部
7241,フタバ,東証１部
7242,ＫＹＢ,東証１部
7244,市光工,東証１部
7245,大同メタ,東証１部
7246,プレス工,東証１部
7247,ミクニ,東証１部
7249,尾張精,名証
7250,太平洋工,東証１部
7254,ユニバンス,東証２部
7255,桜井製,ＪＡＳＤＡＱ
7256,河西工,東証１部
7259,アイシン精,東証１部
7261,マツダ,東証１部
7264,ＭＵＲＯ,ＪＡＳＤＡＱ
7265,エイケン工業,ＪＡＳＤＡＱ
7266,今仙電機,東証１部
7267,ホンダ,東証１部
7268,タツミ,ＪＡＳＤＡＱ
7269,スズキ,東証１部
7270,ＳＵＢＡＲＵ,東証１部
7271,安永,東証１部
7272,ヤマハ発,東証１部
7273,イクヨ,東証２部
7276,小糸製,東証１部
7277,ＴＢＫ,東証１部
7278,エクセディ,東証１部
7279,ハイレックス,東証２部
7280,ミツバ,東証１部
7282,豊田合,東証１部
7283,愛三工,東証１部
7284,盟和産,東証１部
7287,日本精機,東証２部
7291,日本プラスト,東証１部
7292,村上開明,東証２部
7294,ヨロズ,東証１部
7296,ＦＣＣ,東証１部
7297,カーメイト,ＪＡＳＤＡＱ
7298,八千代工,ＪＡＳＤＡＱ
7305,新家工,東証１部
7309,シマノ,東証１部
7313,ＴＳテック,東証１部
7314,小田原機,ＪＡＳＤＡＱ
7315,ＩＪＴＴ,東証２部
7317,松屋Ｒ＆Ｄ,マザーズ
7320,日本リビング,マザーズ
7321,関西みらいＦ,東証１部
7322,３３ＦＧ,東証１部
7325,アイリック,マザーズ
7326,ＳＢＩインシ,マザーズ
7327,第四北越ＦＧ,東証１部
7337,ひろぎんＨＤ,東証１部
7338,インヴァスト,ＪＡＳＤＡＱ
7339,アイペット,マザーズ
7342,ウェルスナビ,マザーズ
7351,グッドパッチ,マザーズ
7352,Ｂエンジニア,マザーズ
7353,ＫＩＹＯ,マザーズ
7354,ＤｍＭｉＸ,東証１部
7356,Ｒｅｔｔｙ,マザーズ
7357,ジオコード,ＪＡＳＤＡＱ
7358,ポピンズＨＤ,東証１部
7359,東京通信,マザーズ
7399,ナンシン,ＪＡＳＤＡＱ
7408,ジャムコ,東証１部
7412,アトム,東証２部
7413,創健社,ＪＡＳＤＡＱ
7414,小野建,東証１部
7416,はるやまＨＤ,東証１部
7417,南陽,東証１部
7419,ノジマ,東証１部
7420,佐鳥電機,東証１部
7421,カッパクリエ,東証１部
7422,東邦レマック,ＪＡＳＤＡＱ
7425,初穂商事,ＪＡＳＤＡＱ
7426,山大,ＪＡＳＤＡＱ
7427,エコーＴＤ,東証１部
7433,伯東,東証１部
7434,オータケ,ＪＡＳＤＡＱ
7435,ナデックス,ＪＡＳＤＡＱ
7438,コンドテック,東証１部
7441,Ｍｉｓｕｍｉ,福証
7442,中山福,東証１部
7443,横浜魚類,ＪＡＳＤＡＱ
7444,ハリマ共和,東証２部
7445,ライトオン,東証１部
7446,東北化学,ＪＡＳＤＡＱ
7447,ナガイレベ,東証１部
7450,サンデー,ＪＡＳＤＡＱ
7451,三菱食品,東証１部
7453,良品計画,東証１部
7455,三城ＨＤ,東証１部
7456,松田産業,東証１部
7458,第一興商,東証１部
7459,メディパル,東証１部
7460,ヤギ,東証２部
7461,キムラ,ＪＡＳＤＡＱ
7462,ダイヤ通商,ＪＡＳＤＡＱ
7463,アドヴァン,東証１部
7464,セフテック,ＪＡＳＤＡＱ
7466,ＳＰＫ,東証１部
7467,萩原電気Ｈ,東証１部
7472,鳥羽洋行,ＪＡＳＤＡＱ
7475,アルビス,東証１部
7476,アズワン,東証１部
7477,ムラキ,ＪＡＳＤＡＱ
7480,スズデン,東証１部
7481,尾家産業,東証１部
7482,シモジマ,東証１部
7483,ドウシシャ,東証１部
7485,岡谷鋼機,名証
7486,サンリン,ＪＡＳＤＡＱ
7487,小津産業,東証１部
7488,ヤガミ,名証
7490,日新商,東証２部
7494,コナカ,東証１部
7500,西川計測,ＪＡＳＤＡＱ
7501,ティムコ,ＪＡＳＤＡＱ
7502,プラザクリ,ＪＡＳＤＡＱ
7504,高速,東証１部
7505,扶桑電通,東証２部
7506,ハウスロゼ,東証１部
7508,ＧセブンＨＤ,東証１部
7509,アイエーＧ,ＪＡＳＤＡＱ
7510,たけびし,東証１部
7512,イオン北海道,東証１部
7513,コジマ,東証１部
7514,ヒマラヤ,東証１部
7515,マルヨシセン,東証２部
7516,コーナン商,東証１部
7518,ネットワン,東証１部
7519,五洋インテ,ＪＡＳＤＡＱ
7520,エコス,東証１部
7521,ムサシ,ＪＡＳＤＡＱ
7522,ワタミ,東証１部
7523,アルビバン,ＪＡＳＤＡＱ
7524,マルシェ,東証１部
7527,システムソフ,東証１部
7531,清和中央,ＪＡＳＤＡＱ
7532,パンパシＩ,東証１部
7533,グリンクロス,福証
7537,丸文,東証１部
7538,大水,東証２部
7539,アイナボＨＤ,ＪＡＳＤＡＱ
7544,スリーエフ,東証２部
7545,西松屋チェ,東証１部
7550,ゼンショーＨ,東証１部
7551,ウェッズ,ＪＡＳＤＡＱ
7552,ハピネット,東証１部
7554,幸楽苑ＨＤ,東証１部
7555,大田花き,ＪＡＳＤＡＱ
7559,ＧＦＣ,ＪＡＳＤＡＱ
7561,ハークスレイ,東証１部
7562,安楽亭,東証２部
7564,ワークマン,ＪＡＳＤＡＱ
7565,萬世電機,東証２部
7567,栄電子,ＪＡＳＤＡＱ
7570,橋本総業ＨＤ,東証１部
7571,ヤマノＨＤ,ＪＡＳＤＡＱ
7575,日本ライフＬ,東証１部
7577,ＨＡＰｉＮＳ,ＪＡＳＤＡＱ
7578,ニチリョク,ＪＡＳＤＡＱ
7581,サイゼリヤ,東証１部
7585,かんなん,ＪＡＳＤＡＱ
7587,ＰＡＬＴＥＫ,東証２部
7590,タカショー,東証１部
7593,ＶＴＨＤ,東証１部
7594,マルカ,東証１部
7595,アルゴグラ,東証１部
7596,魚力,東証１部
7597,東京貴宝,ＪＡＳＤＡＱ
7599,ＩＤＯＭ,東証１部
7600,ＭＤＭ,東証１部
7601,ポプラ,東証１部
7602,カーチスＨＤ,東証２部
7603,マックハウス,ＪＡＳＤＡＱ
7604,梅の花,東証２部
7605,フジコーポ,東証１部
7606,Ｕアローズ,東証１部
7607,進和,東証１部
7608,ＳＫジャパン,東証１部
7609,ダイトロン,東証１部
7610,テイツー,ＪＡＳＤＡＱ
7611,ハイデ日高,東証１部
7613,シークス,東証１部
7614,オーエムツー,ＪＡＳＤＡＱ
7616,コロワイド,東証１部
7618,ＰＣＤＥＰ,東証１部
7619,田中商事,東証１部
7621,うかい,ＪＡＳＤＡＱ
7623,サンオータス,ＪＡＳＤＡＱ
7624,ＮａＩＴＯ,ＪＡＳＤＡＱ
7625,Ｇダイニング,東証２部
7628,オーハシテク,東証１部
7630,壱番屋,東証１部
7634,星医療,ＪＡＳＤＡＱ
7635,杉田エース,ＪＡＳＤＡＱ
7636,ハンズマン,ＪＡＳＤＡＱ
7637,白銅,東証１部
7638,ＮＡＲＴＨ,ＪＡＳＤＡＱ
7640,トップカルチ,東証１部
7643,ダイイチ,ＪＡＳＤＡＱ
7646,ＰＬＡＮＴ,東証１部
7647,音通,東証２部
7649,スギＨＤ,東証１部
7670,オーウエル,東証２部
7671,ＡｍｉｄＡＨ,マザーズ
7673,ダイコー通産,東証１部
7674,ＮＡＴＴＹ,マザーズ
7675,Ｃフォレスト,名証
7676,グッドＳ,マザーズ
7677,ヤシマキザイ,東証２部
7678,あさくま,ＪＡＳＤＡＱ
7679,薬王堂ＨＤ,東証１部
7681,レオクラン,東証２部
7682,浜木綿,ＪＡＳＤＡＱ
7683,ダブルエー,マザーズ
7685,ＢＵＹＳＥＬ,マザーズ
7686,カクヤスＧ,東証２部
7687,ミクリード,マザーズ
7688,ミアヘルサ,ＪＡＳＤＡＱ
7689,コパ,マザーズ
7692,Ｅインフィニ,ＪＡＳＤＡＱ
7694,いつも,マザーズ
7695,交換できる,マザーズ
7701,島津製,東証１部
7702,ＪＭＳ,東証１部
7705,ＧＬサイエン,東証２部
7707,ＰＳＳ,マザーズ
7709,クボテック,東証１部
7711,助川電気,ＪＡＳＤＡＱ
7713,シグマ光機,ＪＡＳＤＡＱ
7715,長野計器,東証１部
7716,ナカニシ,ＪＡＳＤＡＱ
7717,Ｖテク,東証１部
7719,東京衡機,東証２部
7721,東京計器,東証１部
7722,国際計測,ＪＡＳＤＡＱ
7723,愛知時,東証１部
7725,インターアク,東証１部
7726,黒田精,東証２部
7727,オーバル,東証１部
7729,東精密,東証１部
7730,マニー,東証１部
7731,ニコン,東証１部
7732,トプコン,東証１部
7733,オリンパス,東証１部
7734,理計器,東証１部
7735,スクリン,東証１部
7739,キヤノ電子,東証１部
7740,タムロン,東証１部
7741,ＨＯＹＡ,東証１部
7743,シード,東証１部
7744,ノーリツ鋼,東証１部
7745,Ａ＆Ｄ,東証１部
7746,岡本硝子,ＪＡＳＤＡＱ
7747,朝日インテク,東証１部
7748,ホロン,ＪＡＳＤＡＱ
7749,メディキット,ＪＡＳＤＡＱ
7751,キヤノン,東証１部
7752,リコー,東証１部
7758,セコニック,東証２部
7760,ＩＭＶ,ＪＡＳＤＡＱ
7762,シチズン時計,東証１部
7768,ジェコー,東証２部
7769,リズム,東証１部
7771,日本精密,ＪＡＳＤＡＱ
7774,Ｊ・ＴＥＣ,ＪＡＳＤＡＱ
7775,大研医器,東証１部
7776,セルシード,ＪＡＳＤＡＱ
7777,３Ｄマトリク,ＪＡＳＤＡＱ
7779,サイバダイン,マザーズ
7780,メニコン,東証１部
7781,平山ＨＤ,ＪＡＳＤＡＱ
7782,シンシア,東証１部
7800,アミファ,ＪＡＳＤＡＱ
7803,ブシロード,マザーズ
7804,Ｂ＆Ｐ,マザーズ
7805,プリントＮ,ＪＡＳＤＡＱ
7806,ＭＴＧ,マザーズ
7807,幸和製作所,ＪＡＳＤＡＱ
7808,ＣＳランバー,ＪＡＳＤＡＱ
7809,壽屋,ＪＡＳＤＡＱ
7810,クロスフォー,ＪＡＳＤＡＱ
7812,クレステック,東証２部
7813,プラッツ,マザーズ
7814,日本創発Ｇ,ＪＡＳＤＡＱ
7815,東京ボード,東証２部
7816,スノーピーク,東証１部
7817,パラベッド,東証１部
7818,トランザク,東証１部
7819,粧美堂,東証１部
7820,ニホンフラ,東証１部
7821,前田工繊,東証１部
7822,永大産業,東証１部
7823,アトネイチャ,東証１部
7826,フルヤ金属,ＪＡＳＤＡＱ
7827,オービス,ＪＡＳＤＡＱ
7829,サマンサＪＰ,マザーズ
7831,ウイルコＨＤ,東証２部
7832,バンナムＨＤ,東証１部
7833,ＩＦＩＳ,東証１部
7836,アビックス,ＪＡＳＤＡＱ
7837,ＲＣコア,ＪＡＳＤＡＱ
7838,共立印刷,東証１部
7839,ＳＨＯＥＩ,東証１部
7840,フラベッド,東証１部
7841,遠藤製作,ＪＡＳＤＡＱ
7844,マーベラス,東証１部
7846,パイロット,東証１部
7847,グラファイト,ＪＡＳＤＡＱ
7849,スターツ出版,ＪＡＳＤＡＱ
7850,総合商研,ＪＡＳＤＡＱ
7851,カワセＣＳ,東証２部
7855,カーディナル,ＪＡＳＤＡＱ
7856,萩原工業,東証１部
7857,セキ,ＪＡＳＤＡＱ
7859,アルメディオ,東証２部
7860,エイベックス,東証１部
7862,トッパンＦ,東証１部
7863,平賀,ＪＡＳＤＡＱ
7864,フジシール,東証１部
7865,ピープル,ＪＡＳＤＡＱ
7867,タカラトミー,東証１部
7868,廣済堂,東証１部
7869,日本フォーム,ＪＡＳＤＡＱ
7870,福島印刷,名証
7871,フクビ化工,東証２部
7872,エステールＨ,東証１部
7874,レック,東証１部
7875,竹田印刷,東証２部
7877,永大化工,ＪＡＳＤＡＱ
7878,光・彩,ＪＡＳＤＡＱ
7883,サンメッセ,ＪＡＳＤＡＱ
7885,タカノ,東証１部
7886,ヤマトインダ,ＪＡＳＤＡＱ
7887,南海プライ,東証２部
7888,三光合成,東証１部
7893,プロネクサス,東証１部
7894,丸東産業,福証
7895,中央化学,ＪＡＳＤＡＱ
7896,セブン工,東証２部
7897,ホクシン,東証１部
7898,ウッドワン,東証１部
7899,ＭＩＣＳ化学,ＪＡＳＤＡＱ
7901,マツモト,ＪＡＳＤＡＱ
7902,ソノコム,ＪＡＳＤＡＱ
7903,名木材,名証
7905,大建工,東証１部
7906,ヨネックス,東証２部
7908,ＫＩＭＯＴＯ,東証１部
7911,凸版,東証１部
7912,大日印,東証１部
7914,共同印,東証１部
7915,ＮＩＳＳＨＡ,東証１部
7916,光村印,東証１部
7917,藤森工業,東証１部
7918,ヴィアＨＤ,東証１部
7919,野崎印,東証２部
7921,ＴＡＫＡＲＡ,東証１部
7922,三光産業,ＪＡＳＤＡＱ
7923,トーイン,ＪＡＳＤＡＱ
7925,前澤化成,東証１部
7927,ムトー精工,ＪＡＳＤＡＱ
7928,旭化学,ＪＡＳＤＡＱ
7931,未来工業,東証１部
7932,ニッピ,ＪＡＳＤＡＱ
7936,アシックス,東証１部
7937,ツツミ,東証１部
7938,リーガル,ＪＡＳＤＡＱ
7939,研創,ＪＡＳＤＡＱ
7940,ウェブロック,東証１部
7942,ＪＳＰ,東証１部
7943,ニチハ,東証１部
7944,ローランド,東証１部
7945,コマニー,東証２部
7946,光陽社,東証２部
7947,エフピコ,東証１部
7949,小松ウオール,東証１部
7950,デコラックス,名証
7951,ヤマハ,東証１部
7952,河合楽,東証１部
7955,クリナップ,東証１部
7956,ピジョン,東証１部
7957,フジコピ,東証２部
7958,天馬,東証１部
7959,オリバー,東証１部
7961,兼松サステク,東証１部
7962,キングジム,東証１部
7963,興研,ＪＡＳＤＡＱ
7965,象印,東証１部
7966,リンテック,東証１部
7970,信越ポリ,東証１部
7971,東リ,東証１部
7972,イトーキ,東証１部
7974,任天堂,東証１部
7975,リヒトラブ,東証２部
7976,菱鉛筆,東証１部
7979,松風,東証１部
7980,重松製,ＪＡＳＤＡＱ
7981,タカラス,東証１部
7983,ミロク,東証２部
7984,コクヨ,東証１部
7985,ネポン,東証２部
7986,日本ＩＳＫ,ＪＡＳＤＡＱ
7987,ナカバヤシ,東証１部
7988,ニフコ,東証１部
7989,ブラインド,東証１部
7990,グローブライ,東証１部
7991,マミヤＯＰ,東証２部
7992,セーラ万,東証２部
7994,オカムラ,東証１部
7995,バルカー,東証１部
7997,くろがね工,東証２部
7999,ＭＵＴＯＨＨ,東証１部
8001,伊藤忠,東証１部
8002,丸紅,東証１部
8005,スクロール,東証１部
8006,ユアサフナ,東証２部
8007,高島,東証１部
8008,４ＣＨＤ,東証１部
8011,三陽商,東証１部
8012,長瀬産,東証１部
8013,ナイガイ,東証１部
8014,蝶理,東証１部
8015,豊田通商,東証１部
8016,オンワードＨ,東証１部
8018,三共生興,東証１部
8020,兼松,東証１部
8022,ミズノ,東証１部
8023,大興電通,東証２部
8029,ルックＨＤ,東証１部
8030,中央魚,東証２部
8031,三井物,東証１部
8032,紙パ商,東証１部
8035,東エレク,東証１部
8037,カメイ,東証１部
8038,東都水,東証１部
8039,築地魚,東証２部
8040,東ソワール,東証２部
8041,ＯＵＧＨＤ,東証１部
8043,スターゼン,東証１部
8045,浜丸魚,ＪＡＳＤＡＱ
8046,丸藤パイル,東証２部
8050,セイコーＨＤ,東証１部
8051,山善,東証１部
8052,椿本興,東証１部
8053,住友商,東証１部
8056,ユニシス,東証１部
8057,内田洋,東証１部
8058,三菱商,東証１部
8059,第一実,東証１部
8060,キヤノンＭＪ,東証１部
8061,西華産,東証１部
8065,佐藤商,東証１部
8066,三谷商,東証２部
8068,菱洋エレク,東証１部
8070,東京産,東証１部
8071,東海エレ,名証
8072,出版貿,ＪＡＳＤＡＱ
8074,ユアサ商,東証１部
8075,神鋼商,東証１部
8076,カノークス,名証
8077,トルク,東証１部
8078,阪和興,東証１部
8079,正栄食,東証１部
8081,カナデン,東証１部
8084,菱電商,東証１部
8085,ナラサキ,東証２部
8086,ニプロ,東証１部
8087,フルサト,東証１部
8088,岩谷産,東証１部
8089,ナイス,東証１部
8090,昭光通商,東証１部
8091,ニチモウ,東証１部
8093,極東貿易,東証１部
8095,イワキ,東証１部
8096,兼松エレク,東証１部
8097,三愛石,東証１部
8098,稲畑産,東証１部
8103,明和産,東証１部
8104,クワザワＨＤ,東証１部
8105,堀田丸正,東証２部
8107,キムラタン,東証１部
8108,ヤマエ久野,東証１部
8111,ゴルドウイン,東証１部
8113,ユニチャム,東証１部
8114,デサント,東証１部
8115,ムーンバト,東証２部
8117,中央自,東証２部
8118,キング,東証１部
8119,三栄コーポ,ＪＡＳＤＡＱ
8123,川辺,ＪＡＳＤＡＱ
8125,ワキタ,東証１部
8127,ヤマトインタ,東証１部
8129,東邦ＨＤ,東証１部
8130,サンゲツ,東証１部
8131,ミツウロコＨ,東証１部
8132,シナネンＨＤ,東証１部
8133,エネクス,東証１部
8135,ゼット,東証２部
8136,サンリオ,東証１部
8137,サンワテクノ,東証１部
8138,三京化,東証２部
8139,ナガホリ,東証２部
8140,リョーサン,東証１部
8141,新光商,東証１部
8142,トーホー,東証１部
8143,ラピーヌ,東証２部
8144,電響社,東証２部
8145,中部水産,名証
8147,トミタ,ＪＡＳＤＡＱ
8150,三信電,東証１部
8151,東陽テク,東証１部
8152,ソマール,東証２部
8153,モスフード,東証１部
8154,加賀電子,東証１部
8155,三益半導,東証１部
8157,都築電,東証１部
8158,ソダニッカ,東証１部
8159,立花エレ,東証１部
8160,木曽路,東証１部
8163,ＳＲＳＨＤ,東証１部
8165,千趣会,東証１部
8166,タカキュー,東証１部
8167,リテールＰ,東証１部
8168,ケーヨー,東証１部
8173,上新電,東証１部
8174,日ガス,東証１部
8181,東天紅,東証１部
8182,いなげや,東証１部
8184,島忠,東証１部
8185,チヨダ,東証１部
8186,大塚家具,ＪＡＳＤＡＱ
8190,ヤマナカ,名証
8194,ライフコーポ,東証１部
8198,ＭＶ東海,東証２部
8200,リンガハット,東証１部
8202,ラオックス,東証２部
8203,ＭｒＭａｘＨ,東証１部
8207,テンアライド,東証１部
8208,エンチョー,ＪＡＳＤＡＱ
8209,フレンドリー,東証２部
8214,ＡＯＫＩＨＤ,東証１部
8215,銀座山形,ＪＡＳＤＡＱ
8217,オークワ,東証１部
8218,コメリ,東証１部
8219,青山商,東証１部
8225,タカチホ,ＪＡＳＤＡＱ
8226,理経,東証２部
8227,しまむら,東証１部
8228,マルイチ,名証
8230,はせがわ,東証１部
8233,高島屋,東証１部
8237,松屋,東証１部
8242,Ｈ２Ｏリテイ,東証１部
8244,近鉄百,東証１部
8247,大和,東証２部
8249,テクノアソシ,東証２部
8252,丸井Ｇ,東証１部
8253,クレセゾン,東証１部
8254,さいか屋,東証２部
8255,アクシアル,東証１部
8256,プロルート,ＪＡＳＤＡＱ
8257,山陽百,ＪＡＳＤＡＱ
8260,井筒屋,東証１部
8267,イオン,東証１部
8273,イズミ,東証１部
8275,フォーバル,東証１部
8276,平和堂,東証１部
8278,フジ,東証１部
8279,ヤオコー,東証１部
8281,ゼビオＨＤ,東証１部
8282,ケーズＨＤ,東証１部
8283,ＰＡＬＴＡＣ,東証１部
8285,三谷産業,東証１部
8287,ＭＶ西日本,東証２部
8289,Ｏｌｙｍｐｉ,東証１部
8293,ＡＴグループ,名証
8298,ファミリー,ＪＡＳＤＡＱ
8301,日銀,ＪＡＳＤＡＱ
8303,新生銀,東証１部
8304,あおぞら,東証１部
8306,三菱ＵＦＪ,東証１部
8308,りそなＨＤ,東証１部
8309,三住トラスト,東証１部
8316,三井住友,東証１部
8331,千葉銀,東証１部
8334,群馬銀,東証１部
8336,武蔵野銀,東証１部
8337,千葉興銀,東証１部
8338,筑波銀行,東証１部
8341,七十七銀,東証１部
8342,青森銀,東証１部
8343,秋田銀,東証１部
8344,山形銀,東証１部
8345,岩手銀,東証１部
8346,東邦銀,東証１部
8349,東北銀,東証１部
8350,みちのく銀,東証１部
8354,ふくおか,東証１部
8355,静岡銀,東証１部
8356,十六銀,東証１部
8358,スルガ銀,東証１部
8359,八十二銀,東証１部
8360,山梨中銀,東証１部
8361,大垣銀,東証１部
8362,福井銀,東証１部
8363,北国銀,東証１部
8364,清水銀,東証１部
8365,富山銀,東証１部
8366,滋賀銀,東証１部
8367,南都銀,東証１部
8368,百五銀,東証１部
8369,京都銀,東証１部
8370,紀陽銀行,東証１部
8377,ほくほく,東証１部
8381,山陰合銀,東証１部
8382,中国銀,東証１部
8383,鳥取銀行,東証１部
8385,伊予銀,東証１部
8386,百十四銀,東証１部
8387,四国銀,東証１部
8388,阿波銀,東証１部
8392,大分銀,東証１部
8393,宮崎銀,東証１部
8395,佐賀銀,東証１部
8398,筑邦銀,福証
8399,琉球銀,東証１部
8410,セブン銀行,東証１部
8411,みずほ,東証１部
8416,高知銀行,東証１部
8418,山口ＦＧ,東証１部
8421,信金中金,東証２部
8424,芙蓉リース,東証１部
8425,みずほリース,東証１部
8439,東京センチュ,東証１部
8462,ＦＶＣ,ＪＡＳＤＡＱ
8473,ＳＢＩ,東証１部
8508,Ｊトラスト,東証２部
8511,日証金,東証１部
8515,アイフル,東証１部
8518,アジア投資,東証１部
8521,長野銀,東証１部
8522,名古屋銀,東証１部
8524,北洋銀行,東証１部
8527,愛知銀,東証１部
8530,中京銀,東証１部
8537,大光銀行,東証１部
8540,福岡中銀,福証
8541,愛媛銀,東証１部
8542,トマト銀,東証１部
8544,京葉銀,東証１部
8550,栃木銀,東証１部
8551,北日本銀,東証１部
8554,南日本銀,福証
8558,東和銀,東証１部
8559,豊和銀,福証
8560,宮崎太陽銀,福証
8562,福島銀,東証１部
8563,大東銀,東証１部
8566,リコーリス,東証１部
8570,イオンＦＳ,東証１部
8572,アコム,東証１部
8584,ジャックス,東証１部
8585,オリコ,東証１部
8586,日立キャピ,東証１部
8591,オリックス,東証１部
8593,三菱Ｕリース,東証１部
8594,中道リース,札証
8595,ジャフコＧ,東証１部
8596,九州リース,東証１部
8600,トモニＨＤ,東証１部
8601,大和証Ｇ,東証１部
8604,野村,東証１部
8609,岡三,東証１部
8614,東洋証,東証１部
8616,東海東京,東証１部
8617,光世証,東証１部
8622,水戸証,東証１部
8624,いちよし,東証１部
8628,松井証,東証１部
8630,ＳＯＭＰＯＨ,東証１部
8697,ＪＰＸ,東証１部
8698,マネックスＧ,東証１部
8699,澤田ＨＤ,ＪＡＳＤＡＱ
8700,丸八証券,ＪＡＳＤＡＱ
8704,トレイダーズ,ＪＡＳＤＡＱ
8705,岡藤日産ＨＤ,ＪＡＳＤＡＱ
8706,極東証券,東証１部
8707,岩井コスモ,東証１部
8708,アイザワ証,東証１部
8713,フィデアＨＤ,東証１部
8714,池田泉州,東証１部
8715,アニコムＨＤ,東証１部
8725,ＭＳ＆ＡＤ,東証１部
8732,マネパＧ,東証１部
8737,あかつき本社,東証２部
8739,スパークス,東証１部
8740,フジトミ,ＪＡＳＤＡＱ
8742,小林洋行,東証１部
8746,第一商品,ＪＡＳＤＡＱ
8747,豊トラステ証,ＪＡＳＤＡＱ
8750,第一生命ＨＤ,東証１部
8766,東京海上,東証１部
8769,ＡＲＭ,東証１部
8771,Ｅギャランテ,東証１部
8772,アサックス,東証１部
8783,ＧＦＡ,ＪＡＳＤＡＱ
8789,フィンテック,マザーズ
8793,ＮＥＣキャピ,東証１部
8795,Ｔ＆ＤＨＤ,東証１部
8798,アドクリ,東証１部
8801,三井不,東証１部
8802,菱地所,東証１部
8803,平和不,東証１部
8804,東建物,東証１部
8806,ダイビル,東証１部
8818,京阪神ビ,東証１部
8830,住友不,東証１部
8835,太平発,東証１部
8836,ＲＩＳＥ,ＪＡＳＤＡＱ
8841,テーオーシ,東証１部
8842,楽天地,東証１部
8844,コスモスイニ,ＪＡＳＤＡＱ
8850,スターツ,東証１部
8854,日住,東証２部
8860,フジ住宅,東証１部
8864,空港施設,東証１部
8869,明和地所,東証１部
8871,ゴールドクレ,東証１部
8876,リログループ,東証１部
8877,エスリード,東証１部
8881,日神ＧＨＤ,東証１部
8886,ウッドＦ,ＪＡＳＤＡＱ
8887,リベレステ,ＪＡＳＤＡＱ
8889,ＡＰＡＭＡＮ,ＪＡＳＤＡＱ
8890,レーサム,ＪＡＳＤＡＱ
8891,ＭＧホーム,東証２部
8892,日本エスコン,東証１部
8893,新日建物,ＪＡＳＤＡＱ
8894,ＲＥＶＯＬＵ,東証２部
8897,タカラレベン,東証１部
8898,センチュ２１,ＪＡＳＤＡＱ
8903,サンウッド,ＪＡＳＤＡＱ
8904,ＡＶＡＮＴＩ,東証１部
8905,イオンモール,東証１部
8908,毎コムネット,東証１部
8909,シノケンＧ,ＪＡＳＤＡＱ
8912,エリア,東証２部
8914,エリアリンク,東証２部
8917,ファースト住,東証１部
8918,ランド,東証１部
8919,カチタス,東証１部
8920,東祥,東証１部
8922,ＪＡＭ,マザーズ
8923,トーセイ,東証１部
8925,アルデプロ,東証２部
8927,明豊エンター,ＪＡＳＤＡＱ
8928,穴吹興産,東証１部
8929,青山財,東証２部
8931,和田興産,東証２部
8934,サンフロンテ,東証１部
8935,ＦＪネクスト,東証１部
8938,グロームＨＤ,ＪＡＳＤＡＱ
8940,インテリクス,東証１部
8944,ランビジネス,東証１部
8945,サンネクスタ,東証１部
8946,エイシアンＳ,ＪＡＳＤＡＱ
8951,日本ビルＦ,東証２部
8952,Ｊリアル,東証２部
8953,リテールＦ,東証２部
8954,オリックスＦ,東証２部
8955,Ｊプライム,東証２部
8957,東急ＲＥ,東証２部
8958,グロバル,東証２部
8960,ユナイテド,東証２部
8961,森トラスト,東証２部
8963,ＩＮＶ,東証２部
8964,フロンテアＲ,東証２部
8966,平和ＲＥ,東証２部
8967,ニホンロジ,東証２部
8968,福岡リート,東証２部
8972,ケネディＯ,東証２部
8975,いちご,東証２部
8976,大和ＯＦ,東証２部
8977,阪急阪神Ｒ,東証２部
8979,スターツＰＲ,東証２部
8984,ハウスリート,東証２部
8985,ＪＨＲ,東証２部
8986,大和リビング,東証２部
8987,エクセレント,東証２部
8995,誠建設,東証２部
8996,ハウスフリー,福証
8999,グランディ,東証１部
9001,東武,東証１部
9003,相鉄ＨＤ,東証１部
9005,東急,東証１部
9006,京急,東証１部
9007,小田急,東証１部
9008,京王,東証１部
9009,京成,東証１部
9010,富士急,東証１部
9012,秩父鉄,ＪＡＳＤＡＱ
9014,新京成,東証１部
9017,新潟交,東証２部
9020,ＪＲ東日本,東証１部
9021,ＪＲ西日本,東証１部
9022,ＪＲ東海,東証１部
9024,西武ＨＤ,東証１部
9025,鴻池運輸,東証１部
9027,ロジネットＪ,札証
9028,ゼロ,東証２部
9029,ヒガシ２１,東証２部
9031,西鉄,東証１部
9033,広島電鉄,東証２部
9034,南総通運,ＪＡＳＤＡＱ
9035,第一交通,福証
9036,東部ネット,ＪＡＳＤＡＱ
9037,ハマキョウ,東証１部
9039,サカイ引越,東証１部
9040,大宝運輸,名証
9041,近鉄ＧＨＤ,東証１部
9044,南海電鉄,東証１部
9045,京阪ＨＤ,東証１部
9046,神戸電鉄,東証１部
9048,名鉄,東証１部
9049,京福電,東証２部
9051,センコン物流,ＪＡＳＤＡＱ
9052,山陽電,東証１部
9055,アルプス物,東証２部
9057,遠州トラック,ＪＡＳＤＡＱ
9058,トランコム,東証１部
9059,カンダ,東証２部
9060,日ロジテム,ＪＡＳＤＡＱ
9062,日通,東証１部
9063,岡県運送,東証２部
9064,ヤマトＨＤ,東証１部
9065,山九,東証１部
9066,日新,東証１部
9067,丸運,東証１部
9068,丸全運,東証１部
9069,センコーＧＨ,東証１部
9070,トナミＨＤ,東証１部
9072,ニッコンＨＤ,東証１部
9073,京極運,ＪＡＳＤＡＱ
9074,日石輸,東証１部
9075,福山通,東証１部
9076,セイノーＨＤ,東証１部
9077,名鉄運,名証
9078,エスライン,東証１部
9081,神奈中交,東証１部
9082,大和自交,東証２部
9083,神姫バス,東証２部
9085,中央バス,札証
9086,日立物流,東証１部
9087,タカセ,ＪＡＳＤＡＱ
9090,丸和運輸機関,東証１部
9099,Ｃ＆ＦロジＨ,東証１部
9101,郵船,東証１部
9104,商船三井,東証１部
9107,川崎汽,東証１部
9110,ユナイテド海,東証１部
9115,明治海,東証１部
9119,飯野海,東証１部
9127,玉井商,東証２部
9130,共栄タンカ,東証１部
9142,ＪＲ九州,東証１部
9143,ＳＧＨＤ,東証１部
9145,ビーイングＨ,東証２部
9171,栗林船,東証２部
9173,東海汽,東証２部
9179,川崎近海,東証２部
9193,東京汽,東証２部
9201,ＪＡＬ,東証１部
9202,ＡＮＡ,東証１部
9206,ＳＦＪ,東証２部
9232,パスコ,東証１部
9233,アジア航測,東証２部
9260,Ｗｉｓｍｅｔ,東証１部
9262,シルバライフ,東証１部
9263,ビジョナリＨ,ＪＡＳＤＡＱ
9264,ポエック,ＪＡＳＤＡＱ
9265,ヤマシタＨＨ,東証１部
9266,一家ダイニン,東証１部
9267,ゲンキードラ,東証１部
9268,オプティマス,東証２部
9270,バリュＨＤ,マザーズ
9271,和心,マザーズ
9272,ブティックス,マザーズ
9273,コーア商事Ｈ,東証１部
9274,国際紙パ商,東証１部
9275,ナルミヤ,東証１部
9278,ブックオフＨ,東証１部
9279,ギフト,東証１部
9281,タカラインフ,東証２部
9282,いちごグリン,東証２部
9283,再生可能エネ,東証２部
9284,Ｃソーラー,東証２部
9285,東京インフラ,東証２部
9286,エネクスＩ,東証２部
9287,ＪＩＦ,東証２部
9301,三菱倉,東証１部
9302,三井倉ＨＤ,東証１部
9303,住友倉,東証１部
9304,渋沢倉,東証１部
9305,ヤマタネ,東証１部
9306,東陽倉,東証１部
9307,杉村倉,東証２部
9308,乾汽船,東証１部
9310,トラシティ,東証１部
9311,アサガミ,東証２部
9312,ケイヒン,東証１部
9313,丸八倉,東証２部
9318,アジア開発,東証２部
9319,中央倉,東証１部
9322,川西倉,東証１部
9324,安田倉,東証１部
9325,ファイズＨＤ,東証１部
9326,関通,マザーズ
9351,洋埠頭,東証１部
9355,リンコー,東証２部
9357,名港海,名証
9358,宇徳,東証１部
9359,伊勢湾,名証
9360,鈴与シンワ,東証２部
9361,伏木運,東証２部
9362,兵機海,東証２部
9363,大運,東証２部
9364,上組,東証１部
9365,トレーディア,東証２部
9366,サンリツ,東証１部
9367,大東港運,ＪＡＳＤＡＱ
9368,キムラユニ,東証１部
9369,キユソ流通,東証１部
9375,近鉄エクス,東証１部
9376,ユーラシア,ＪＡＳＤＡＱ
9377,エージーピー,ＪＡＳＤＡＱ
9380,東海運,東証１部
9381,エーアイテイ,東証１部
9384,内外トランス,東証１部
9385,ショーエイ,東証１部
9386,日コンセプト,東証１部
9401,ＴＢＳＨＤ,東証１部
9402,中日放,名証
9404,日テレＨＤ,東証１部
9405,朝日放送ＧＨ,東証１部
9407,ＲＫＢ毎日Ｈ,福証
9408,新潟放送,ＪＡＳＤＡＱ
9409,テレビ朝日Ｈ,東証１部
9412,スカパーＪ,東証１部
9413,テレ東ＨＤ,東証１部
9414,日本ＢＳ放送,東証１部
9416,ビジョン,東証１部
9417,スマトバリュ,東証１部
9418,ＵＮＥＸＴＨ,東証１部
9419,ワイヤレスＧ,東証１部
9421,ＮＪＨＤ,ＪＡＳＤＡＱ
9422,コネクシオ,東証１部
9423,フォバルＲＳ,ＪＡＳＤＡＱ
9424,日本通信,東証１部
9425,日本テレホン,ＪＡＳＤＡＱ
9428,クロップス,東証１部
9432,ＮＴＴ,東証１部
9433,ＫＤＤＩ,東証１部
9434,ソフトバンク,東証１部
9435,光通信,東証１部
9436,沖縄セルラー,ＪＡＳＤＡＱ
9438,エムティア,東証１部
9439,ＭＨグループ,ＪＡＳＤＡＱ
9444,トーシンＨＤ,ＪＡＳＤＡＱ
9445,Ｆテレコム,東証２部
9446,サカイＨＤ,ＪＡＳＤＡＱ
9449,ＧＭＯ,東証１部
9450,ファイバーＧ,東証１部
9466,アイドマＭＣ,東証１部
9467,アルファポリ,マザーズ
9468,カドカワ,東証１部
9470,学研ＨＤ,東証１部
9471,文渓堂,名証
9474,ゼンリン,東証１部
9475,昭文社ＨＤ,東証１部
9476,中央経済ＨＤ,ＪＡＳＤＡＱ
9478,ＳＥＨ＆Ｉ,ＪＡＳＤＡＱ
9479,インプレス,東証１部
9501,東電力ＨＤ,東証１部
9502,中部電,東証１部
9503,関西電,東証１部
9504,中国電,東証１部
9505,北陸電,東証１部
9506,東北電,東証１部
9507,四国電,東証１部
9508,九州電,東証１部
9509,北海電,東証１部
9511,沖縄電力,東証１部
9513,Ｊパワー,東証１部
9514,エフオン,東証１部
9517,イーレックス,東証１部
9519,レノバ,東証１部
9531,東ガス,東証１部
9532,大ガス,東証１部
9533,邦ガス,東証１部
9534,北海ガス,東証１部
9535,広島ガス,東証１部
9536,西部ガス,東証１部
9537,北陸ガス,東証２部
9539,京葉ガス,東証２部
9543,静岡ガス,東証１部
9551,メタウォータ,東証１部
9600,アイネット,東証１部
9601,松竹,東証１部
9602,東宝,東証１部
9603,ＨＩＳ,東証１部
9605,東映,東証１部
9610,ウィルソン,ＪＡＳＤＡＱ
9612,ラックランド,東証１部
9613,ＮＴＴデータ,東証１部
9616,共立メンテ,東証１部
9619,イチネンＨＤ,東証１部
9622,スペース,東証１部
9624,長大,東証１部
9625,セレスポ,ＪＡＳＤＡＱ
9627,アインＨＤ,東証１部
9628,燦ＨＤ,東証１部
9629,ピーシーエー,東証１部
9631,東急レク,東証２部
9632,スバル興,東証１部
9633,テアトル,東証１部
9635,武蔵野興,東証２部
9636,きんえい,東証２部
9637,オーエス,東証２部
9639,三協フロンテ,ＪＡＳＤＡＱ
9640,セゾン情報,ＪＡＳＤＡＱ
9641,サコス,ＪＡＳＤＡＱ
9643,中日興,名証
9644,タナベ経営,東証１部
9647,協和コンサル,ＪＡＳＤＡＱ
9651,日プロ,ＪＡＳＤＡＱ
9656,グリンランド,東証２部
9658,ビジ太田昭和,東証１部
9661,歌舞伎,東証２部
9663,ナガワ,東証１部
9664,御園座,名証
9671,よみランド,東証１部
9672,都競馬,東証１部
9675,常磐興,東証１部
9678,カナモト,東証１部
9679,ホウライ,ＪＡＳＤＡＱ
9681,東京ドーム,東証１部
9682,ＤＴＳ,東証１部
9684,スクエニＨＤ,東証１部
9685,ＫＹＣＯＭ,ＪＡＳＤＡＱ
9686,東洋テック,東証２部
9687,ＫＳＫ,ＪＡＳＤＡＱ
9691,両毛システム,ＪＡＳＤＡＱ
9692,シーイーシー,東証１部
9695,鴨川グランド,ＪＡＳＤＡＱ
9696,ウィザス,ＪＡＳＤＡＱ
9697,カプコン,東証１部
9698,クレオ,ＪＡＳＤＡＱ
9699,西尾レント,東証１部
9701,東会舘,東証２部
9702,アイエスビー,東証１部
9704,アゴーラＨＧ,東証１部
9706,日空ビル,東証１部
9707,ユニマットＲ,ＪＡＳＤＡＱ
9708,帝国ホテル,東証２部
9709,ＮＣＳ＆Ａ,東証２部
9715,トランスコス,東証１部
9716,乃村工芸,東証１部
9717,ジャステック,東証１部
9719,ＳＣＳＫ,東証１部
9720,グランド,ＪＡＳＤＡＱ
9722,藤田観,東証１部
9723,京都ホテル,東証２部
9726,ＫＮＴＣＴ,東証１部
9728,日本管財,東証１部
9729,トーカイ,東証１部
9731,白洋舎,東証１部
9733,ナガセ,ＪＡＳＤＡＱ
9734,精養軒,ＪＡＳＤＡＱ
9735,セコム,東証１部
9739,ＮＳＷ,東証１部
9740,ＣＳＰ,東証１部
9742,アイネス,東証１部
9743,丹青社,東証１部
9744,メイテック,東証１部
9746,ＴＫＣ,東証１部
9749,富士ソフト,東証１部
9753,ＩＸナレッジ,ＪＡＳＤＡＱ
9755,応用地質,東証１部
9757,船井総研ＨＤ,東証１部
9758,ジシステム,ＪＡＳＤＡＱ
9759,ＮＳＤ,東証１部
9760,進学会ＨＤ,東証１部
9761,東海リース,東証２部
9763,丸紅建材,東証１部
9765,オオバ,東証１部
9766,コナミＨＤ,東証１部
9767,日建工学,東証２部
9768,いであ,東証１部
9769,学究社,東証１部
9776,札臨,ＪＡＳＤＡＱ
9778,昴,ＪＡＳＤＡＱ
9780,ハリマビス,ＪＡＳＤＡＱ
9782,ＤＭＳ,ＪＡＳＤＡＱ
9783,ベネッセＨＤ,東証１部
9787,イオンディラ,東証１部
9788,ナック,東証１部
9790,福井コンＨ,東証１部
9791,ビケンテクノ,東証２部
9793,ダイセキ,東証１部
9795,ステップ,東証１部
9797,大日本コン,東証２部
9799,旭情報,東証２部
9810,日鉄物産,東証１部
9812,テーオーＨ,ＪＡＳＤＡＱ
9818,大丸エナ,東証２部
9820,ＭＴジェネ,ＪＡＳＤＡＱ
9823,マミーマート,ＪＡＳＤＡＱ
9824,泉州電業,東証１部
9827,リリカラ,ＪＡＳＤＡＱ
9828,元気寿司,東証１部
9829,ながの東急,ＪＡＳＤＡＱ
9830,トラスコ中山,東証１部
9831,ヤマダＨＤ,東証１部
9832,オートバック,東証１部
9835,ジュンテンド,東証２部
9837,モリト,東証１部
9842,アークランド,東証１部
9843,ニトリＨＤ,東証１部
9845,パーカー,東証２部
9846,天満屋ス,東証２部
9849,共同紙,ＪＡＳＤＡＱ
9850,グルメ杵屋,東証１部
9852,ＣＢグループ,ＪＡＳＤＡＱ
9853,銀座ルノア,ＪＡＳＤＡＱ
9854,愛眼,東証１部
9856,ケーユーＨＤ,東証１部
9857,英和,東証２部
9861,吉野家ＨＤ,東証１部
9867,ソレキア,ＪＡＳＤＡＱ
9869,加藤産,東証１部
9872,北恵,東証１部
9873,日本ＫＦＣ,東証２部
9876,コックス,ＪＡＳＤＡＱ
9878,セキド,東証２部
9880,イノテック,東証１部
9882,イエロハット,東証１部
9885,シャルレ,東証２部
9887,松屋フーズＨ,東証１部
9888,ＵＥＸ,ＪＡＳＤＡＱ
9889,ＪＢＣＣＨＤ,東証１部
9890,マキヤ,ＪＡＳＤＡＱ
9895,コンセック,ＪＡＳＤＡＱ
9896,ＪＫＨＤ,東証１部
9900,サガミＨＤ,東証１部
9902,日伝,東証１部
9903,カンセキ,ＪＡＳＤＡＱ
9904,ベリテ,東証２部
9906,藤井産業,ＪＡＳＤＡＱ
9908,Ｄｅｎｋｅｉ,ＪＡＳＤＡＱ
9909,愛光電気,ＪＡＳＤＡＱ
9913,日邦産業,ＪＡＳＤＡＱ
9914,植松商会,ＪＡＳＤＡＱ
9919,関西スーパ,東証１部
9928,ミロク情報,東証１部
9929,平和紙業,東証２部
9930,北沢産,東証１部
9932,杉本商事,東証１部
9934,因幡電産,東証１部
9936,王将フード,東証１部
9941,太洋物産,ＪＡＳＤＡＱ
9942,ジョイフル,福証
9945,プレナス,東証１部
9946,ミニストップ,東証１部
9948,アークス,東証１部
9950,ハチバン,ＪＡＳＤＡＱ
9955,ヨンキュウ,ＪＡＳＤＡＱ
9956,バローＨＤ,東証１部
9959,アシードＨＤ,東証２部
9960,東テク,東証１部
9962,ミスミＧ,東証１部
9964,アイテック,ＪＡＳＤＡＱ
9966,藤久,東証１部
9967,堺商事,東証２部
9969,ショクブン,東証２部
9972,アルテック,東証１部
9973,小僧寿し,ＪＡＳＤＡＱ
9974,ベルク,東証１部
9976,セキチュー,ＪＡＳＤＡＱ
9977,アオキスーパ,ＪＡＳＤＡＱ
9978,文教堂ＨＤ,ＪＡＳＤＡＱ
9979,大庄,東証１部
9980,ＭＲＫＨＤ,東証２部
9982,タキヒヨー,東証１部
9983,ファストリテ,東証１部
9984,ソフバンＧ,東証１部
9986,蔵王産業,東証１部
9987,スズケン,東証１部
9989,サンドラッグ,東証１部
9990,サックスバー,東証１部
9991,ジェコス,東証１部
9993,ヤマザワ,東証１部
9994,やまや,東証１部
9995,グローセル,東証１部
9996,サトー商会,ＪＡＳＤＡＱ
